ALTER TABLE db_uniprotec.usuarios AUTO_INCREMENT = 1
INSERT INTO db_uniprotec.usuarios (username, password, enabled, name, apellido, email) VALUES ('admin','$2a$10$RmdEsvEfhI7Rcm9f/uZXPebZVCcPC7ZXZwV51efAvMAp1rIaRAfPK',1, 'Admin', 'Uno','uno@gmail.com');
INSERT INTO db_uniprotec.usuarios (username, password, enabled, name, apellido, email) VALUES ('olivier','$2a$10$C3Uln5uqnzx/GswADURJGOIdBqYrly9731fnwKDaUdBkt/M3qvtLq',1, 'Olivier', 'Sanchez','operacion@gmail.com');

ALTER TABLE db_uniprotec.roles AUTO_INCREMENT = 1
INSERT INTO db_uniprotec.roles (name) VALUES ('ROLE_USER');
INSERT INTO db_uniprotec.roles (name) VALUES ('ROLE_ADMIN');

INSERT INTO db_uniprotec.usuarios_roles (usuario_id, role_id) VALUES (1, 1);
INSERT INTO db_uniprotec.usuarios_roles (usuario_id, role_id) VALUES (1, 2);
INSERT INTO db_uniprotec.usuarios_roles (usuario_id, role_id) VALUES (2, 2);
INSERT INTO db_uniprotec.usuarios_roles (usuario_id, role_id) VALUES (2, 1);


ALTER TABLE db_uniprotec.modulos AUTO_INCREMENT = 1;
INSERT INTO db_uniprotec.modulos  VALUES (1	,'CLIENTES');
INSERT INTO db_uniprotec.modulos  VALUES (2	,'CURSOS');
INSERT INTO db_uniprotec.modulos  VALUES (3	,'INSTRUCTORES');
INSERT INTO db_uniprotec.modulos  VALUES (4	,'USUARIOS');
INSERT INTO db_uniprotec.modulos  VALUES (5	,'OPERACION');
INSERT INTO db_uniprotec.modulos  VALUES (6	,'LOGISTICA');
INSERT INTO db_uniprotec.modulos  VALUES (7	,'ADMINISTRACION');

INSERT INTO db_uniprotec.usuarios_modulos (usuario_id, modulo_id) VALUES (1,1);
INSERT INTO db_uniprotec.usuarios_modulos (usuario_id, modulo_id) VALUES (1,2);
INSERT INTO db_uniprotec.usuarios_modulos (usuario_id, modulo_id) VALUES (1,3);
INSERT INTO db_uniprotec.usuarios_modulos (usuario_id, modulo_id) VALUES (2,1);
INSERT INTO db_uniprotec.usuarios_modulos (usuario_id, modulo_id) VALUES (2,2);
INSERT INTO db_uniprotec.usuarios_modulos (usuario_id, modulo_id) VALUES (1,4);
INSERT INTO db_uniprotec.usuarios_modulos (usuario_id, modulo_id) VALUES (1,5);

ALTER TABLE db_uniprotec.submodules AUTO_INCREMENT = 1;
insert into db_uniprotec.submodules values(1	,1	,'Alta Cliente' , 'ACliente');
insert into db_uniprotec.submodules values(2	,1	,'Edicion Cliente' , 'BCliente');
insert into db_uniprotec.submodules values(4	,2	,'Alta Curso' , 'ACurso');
insert into db_uniprotec.submodules values(5	,2	,'Edicion Curso' , 'BCurso');
insert into db_uniprotec.submodules values(7	,3	,'Alta Instructor' , 'AInstructor');
insert into db_uniprotec.submodules values(8	,3	,'Edicion Instructor' , 'BInstructor');
insert into db_uniprotec.submodules values(10	,4	,'Alta Usuario' , 'AUsuario');
insert into db_uniprotec.submodules values(11	,4	,'Edicion Usuario' , 'BUsuario');


INSERT INTO db_uniprotec.modulos_submodulos (modulo_id, submodule_id) VALUES (1,1);
INSERT INTO db_uniprotec.modulos_submodulos (modulo_id, submodule_id) VALUES (1,2);
INSERT INTO db_uniprotec.modulos_submodulos (modulo_id, submodule_id) VALUES (2,4);
INSERT INTO db_uniprotec.modulos_submodulos (modulo_id, submodule_id) VALUES (2,5);
INSERT INTO db_uniprotec.modulos_submodulos (modulo_id, submodule_id) VALUES (3,7);
INSERT INTO db_uniprotec.modulos_submodulos (modulo_id, submodule_id) VALUES (3,8);
INSERT INTO db_uniprotec.modulos_submodulos (modulo_id, submodule_id) VALUES (4,10);
INSERT INTO db_uniprotec.modulos_submodulos (modulo_id, submodule_id) VALUES (4,11);


ALTER TABLE db_uniprotec.regiones AUTO_INCREMENT = 1;
INSERT INTO db_uniprotec.regiones (id_region, nombre_region) VALUES (1, 'ESTADO DE SAN LUIS POTOSI');
INSERT INTO db_uniprotec.regiones (id_region, nombre_region) VALUES (2, 'ESTADO DE QUERETARO + CELAYA Y SAN JOSE ITURBIDE GTO + TEPEJI DEL RIO HIDALGO');
INSERT INTO db_uniprotec.regiones (id_region, nombre_region) VALUES (3, 'ESTADO DE GUANAJUATO MENOS CELAYA Y SAN JOSE ITURBIDE + LAGOS DE MORENO + EDO DE AGUASCALIENTES');
INSERT INTO db_uniprotec.regiones (id_region, nombre_region) VALUES (4, 'ESTADO DE JALISCO MENOS LAGOS DE MORENO');
INSERT INTO db_uniprotec.regiones (id_region, nombre_region) VALUES (5, 'ESTADO DE NUEVO LEON + ESTADO DE COAHUILA');
INSERT INTO db_uniprotec.regiones (id_region, nombre_region) VALUES (6, 'CIUDAD DE MEXICO + EDO DE MEXICO');
INSERT INTO db_uniprotec.regiones (id_region, nombre_region) VALUES (7, 'ESTADO DE PUEBLA + ESTADO DE TLAXCALA + ESTADO DE MORELOS');
INSERT INTO db_uniprotec.regiones (id_region, nombre_region) VALUES (8, 'CUALQUIER OTRA UBICACIÓN');

ALTER TABLE db_uniprotec.instructores AUTO_INCREMENT = 1;
INSERT INTO db_uniprotec.instructores (nombre_instructor, region_instructor_id_region, email_instructor, email_gmail_instructor, nota_instructor, create_at_instructor, status_instructor, user_create_instructor, cursos_instructor) VALUES ('Ing. Felipe Javier Castillo Damian',2, 'javier.castillo@uniprotec.net', 'javiercdamian1965@gmail.com', 'nota','2020-04-05 15:24:15.183000','Activo',1, '1, 2, 3, 4, 5, 6, 7, 8, 10, 11, 12, 13, 14, 15, 16, 17, 20, 22, 28, 30, 31, 33, 35, 47, 48, 54');
INSERT INTO db_uniprotec.instructores (nombre_instructor, region_instructor_id_region, email_instructor, email_gmail_instructor, nota_instructor, create_at_instructor, status_instructor, user_create_instructor, cursos_instructor) VALUES ('Ing. Cesar Octavio Vazquez Galicia',2, 'cesar.vazquez@uniprotec.net', 'vazquezcesarovg@gmail.com', 'nota','2020-04-05 15:24:15.183000','Activo',1,'1, 2, 3, 4, 5, 6, 7, 8, 11, 12, 13, 14, 15, 16, 17, 18, 19, 20, 21, 22, 23, 24, 25, 26, 27, 28, 29, 30, 31, 32, 33, 34, 35, 37, 38, 39, 40, 41, 42, 43, 44, 45, 47, 48, 49, 50, 51, 52, 53, 54, 73');
INSERT INTO db_uniprotec.instructores (nombre_instructor, region_instructor_id_region, email_instructor, email_gmail_instructor, nota_instructor, create_at_instructor, status_instructor, user_create_instructor, cursos_instructor) VALUES ('Ing. Carlos Alberto Dominguez Mejia',2, 'carlos.dominguez@uniprotec.net', 'car.dominguez90@gmail.com', 'nota','2020-04-05 15:24:15.183000','Activo',1,'2, 11, 13, 22, 54');
INSERT INTO db_uniprotec.instructores (nombre_instructor, region_instructor_id_region, email_instructor, email_gmail_instructor, nota_instructor, create_at_instructor, status_instructor, user_create_instructor, cursos_instructor) VALUES ('Ing. Juan Antonio Gomez Diaz',2, 'antonio.gomez@uniprotec.net', 'gozafest@gmail.com', 'nota','2020-04-05 15:24:15.183000','Activo',1,'1, 2, 3, 4, 5, 6, 7, 8, 11, 12, 13, 14, 15, 16, 17, 20, 22, 28, 30, 31, 33, 35, 43, 47, 48, 51, 54');
INSERT INTO db_uniprotec.instructores (nombre_instructor, region_instructor_id_region, email_instructor, email_gmail_instructor, nota_instructor, create_at_instructor, status_instructor, user_create_instructor, cursos_instructor) VALUES ('Ing. Gerardo Federico Moreno Specia',3, 'gerardo.moreno@uniprotec.net', 'gspecia652008@gmail.com', 'nota','2020-04-05 15:24:15.183000','Activo',1,'1, 2, 3, 4, 5, 6, 7, 8, 9, 11, 12, 13, 14, 15, 16, 17, 18, 19, 20, 22, 23, 25, 26, 27, 28, 29, 30, 31, 32, 33, 35, 37, 40, 43, 47, 48, 54');
INSERT INTO db_uniprotec.instructores (nombre_instructor, region_instructor_id_region, email_instructor, email_gmail_instructor, nota_instructor, create_at_instructor, status_instructor, user_create_instructor, cursos_instructor) VALUES ('Lic. Mayra Andrea Padron Aguilar',3, 'mayra.padron@uniprotec.net', 'mayrapadron66@gmail.com', 'nota','2020-04-05 15:24:15.183000','Activo',1,'36, 51, 54, 76, 77, 78, 79, 80, 81');
INSERT INTO db_uniprotec.instructores (nombre_instructor, region_instructor_id_region, email_instructor, email_gmail_instructor, nota_instructor, create_at_instructor, status_instructor, user_create_instructor, cursos_instructor) VALUES ('Lic. Claudia Alejandra Campos Segura',3, 'alejandra.campos@uniprotec.net', 'alecmpss@gmail.com', 'nota','2020-04-05 15:24:15.183000','Activo',1,'36, 54, 76, 77, 78, 79, 80, 81');
INSERT INTO db_uniprotec.instructores (nombre_instructor, region_instructor_id_region, email_instructor, email_gmail_instructor, nota_instructor, create_at_instructor, status_instructor, user_create_instructor, cursos_instructor) VALUES ('Ing. Juan Alberto Zuñiga Vazquez',3, 'alberto.zuniga@uniprotec.net', 'yakk.74@gmail.com', 'nota','2020-04-05 15:24:15.183000','Activo',1,'1, 2, 3, 4, 5, 6, 7, 8, 9, 11, 12, 13, 15, 17, 20, 22, 31, 35');
INSERT INTO db_uniprotec.instructores (nombre_instructor, region_instructor_id_region, email_instructor, email_gmail_instructor, nota_instructor, create_at_instructor, status_instructor, user_create_instructor, cursos_instructor) VALUES ('Ing. Ricardo Geciel Velazquez Medina',3, 'ricardo.velazquez@uniprotec.net', 'ricardovm472@gmail.com', 'nota','2020-04-05 15:24:15.183000','Activo',1,'17, 18, 19, 20, 21, 22, 23, 24, 29, 30, 31, 32, 33, 34, 38, 39, 40, 41, 42, 43, 46, 48, 54');
INSERT INTO db_uniprotec.instructores (nombre_instructor, region_instructor_id_region, email_instructor, email_gmail_instructor, nota_instructor, create_at_instructor, status_instructor, user_create_instructor, cursos_instructor) VALUES ('Ing. Diana Laura Vazquez Gomez',3, 'diana.vazquez@uniprotec.net', 'didivago2@gmail.com', 'nota','2020-04-05 15:24:15.183000','Activo',1,'1, 2, 3, 4, 5, 6, 7, 8, 11, 12, 13, 14, 15, 16, 17, 18, 19, 20, 21, 22, 23, 24, 30, 31, 33, 34, 35, 37, 40, 41, 42, 44, 47, 48, 54, 68, 69, 70, 71, 72, 73, 74');
INSERT INTO db_uniprotec.instructores (nombre_instructor, region_instructor_id_region, email_instructor, email_gmail_instructor, nota_instructor, create_at_instructor, status_instructor, user_create_instructor, cursos_instructor) VALUES ('Ing. Ramon Noriega Lopez',3, 'ramon.noriega@uniprotec.net', 'norlopmx@gmail.com', 'nota','2020-04-05 15:24:15.183000','Activo',1,'15, 16, 17, 18, 19, 20, 21, 22, 23, 24, 25, 26, 27, 28, 29, 30, 34, 35, 37, 38, 39, 40, 41, 42, 43, 44, 46, 47, 48, 50, 51, 54, 68, 69, 70, 71, 72, 73, 74');
INSERT INTO db_uniprotec.instructores (nombre_instructor, region_instructor_id_region, email_instructor, email_gmail_instructor, nota_instructor, create_at_instructor, status_instructor, user_create_instructor, cursos_instructor) VALUES ('Ing. Fernando Mares Ortiz',1, 'fernando.mares@uniprotec.net', 'ferblumares@gmail.com', 'nota','2020-04-05 15:24:15.183000','Activo',1,'1, 2, 3, 4, 5, 6, 7, 8, 11, 12, 13, 14, 15, 16, 17, 18, 19, 20, 21, 22, 23, 24, 25, 26, 27, 29, 30, 31, 32, 33, 34, 35, 39, 44, 45, 47, 48, 51, 54, 68, 69, 70, 71, 72, 73, 74');
INSERT INTO db_uniprotec.instructores (nombre_instructor, region_instructor_id_region, email_instructor, email_gmail_instructor, nota_instructor, create_at_instructor, status_instructor, user_create_instructor, cursos_instructor) VALUES ('Ing. Maximino Garcia Camilo',1, 'maximino.garcia@uniprotec.net', 'maximino.garcia.camilo@gmail.com', 'nota','2020-04-05 15:24:15.183000','Activo',1,'1, 2, 3, 4, 5, 7, 8, 11, 12, 13, 17, 20, 31, 35');
INSERT INTO db_uniprotec.instructores (nombre_instructor, region_instructor_id_region, email_instructor, email_gmail_instructor, nota_instructor, create_at_instructor, status_instructor, user_create_instructor, cursos_instructor) VALUES ('Ing. Rafael Humberto Cebada Beltran',1, 'rafadel.cebada@uniprotec.net', 'cebada1984@gmail.com', 'nota','2020-04-05 15:24:15.183000','Activo',1,'1, 2, 3, 4, 5, 6, 7, 8, 11, 12, 13, 14, 15, 16, 17, 18, 19, 20, 21, 22, 23, 24, 25, 26, 27, 28, 29, 30, 31, 32, 33, 34, 35, 38, 39, 40, 41, 42, 45, 46, 47, 48, 50, 51, 54, 68, 69, 70, 71, 72, 73, 74');
INSERT INTO db_uniprotec.instructores (nombre_instructor, region_instructor_id_region, email_instructor, email_gmail_instructor, nota_instructor, create_at_instructor, status_instructor, user_create_instructor, cursos_instructor) VALUES ('Externo',1, 'olivier.sanchez@uniprotec.net', 'olivier.sanchez201184@gmail.com', 'nota','2020-04-05 15:24:15.183000','Activo',1,'1, 2, 3, 4, 5, 6, 7, 8, 11, 12, 13, 14, 15, 16, 17, 18, 19, 20, 21, 22, 23, 24, 28, 29, 30, 31, 32, 33, 34, 35, 37, 40, 41, 42, 43, 44, 46, 47, 48, 54, 68, 69, 70, 71, 72, 73, 74, 78, 80');

ALTER TABLE db_uniprotec.cursos AUTO_INCREMENT = 1;
INSERT INTO db_uniprotec.cursos (nombre_curso, nota_curso, user_create_curso, create_at_curso , status_curso ) VALUES ('OPERADOR DE MONTACARGAS','',1,'2020-04-05 15:24:15.183000','Activo');
INSERT INTO db_uniprotec.cursos (nombre_curso, nota_curso, user_create_curso, create_at_curso , status_curso ) VALUES ('OPERADOR DE MONTACARGAS (ORDER PICKER)','',1,'2020-04-05 15:24:15.183000','Activo');
INSERT INTO db_uniprotec.cursos (nombre_curso, nota_curso, user_create_curso, create_at_curso , status_curso ) VALUES ('OPERADOR DE GRUAS VIAJERAS Y POLIPASTOS','',1,'2020-04-05 15:24:15.183000','Activo');
INSERT INTO db_uniprotec.cursos (nombre_curso, nota_curso, user_create_curso, create_at_curso , status_curso ) VALUES ('OPERADOR DE GRUAS VIAJERAS','',1,'2020-04-05 15:24:15.183000','Activo');
INSERT INTO db_uniprotec.cursos (nombre_curso, nota_curso, user_create_curso, create_at_curso , status_curso ) VALUES ('OPERADOR DE POLIPASTOS','',1,'2020-04-05 15:24:15.183000','Activo');
INSERT INTO db_uniprotec.cursos (nombre_curso, nota_curso, user_create_curso, create_at_curso , status_curso ) VALUES ('OPERADOR DE GRUA MOVIL','',1,'2020-04-05 15:24:15.183000','Activo');
INSERT INTO db_uniprotec.cursos (nombre_curso, nota_curso, user_create_curso, create_at_curso , status_curso ) VALUES ('OPERADOR DE PATIN ELECTRICO','',1,'2020-04-05 15:24:15.183000','Activo');
INSERT INTO db_uniprotec.cursos (nombre_curso, nota_curso, user_create_curso, create_at_curso , status_curso ) VALUES ('OPERADOR DE PATIN HIDRAULICO','',1,'2020-04-05 15:24:15.183000','Activo');
INSERT INTO db_uniprotec.cursos (nombre_curso, nota_curso, user_create_curso, create_at_curso , status_curso ) VALUES ('OPERADOR DE PLATAFORMA (COLCHON DE AIRE)','',1,'2020-04-05 15:24:15.183000','Activo');
INSERT INTO db_uniprotec.cursos (nombre_curso, nota_curso, user_create_curso, create_at_curso , status_curso ) VALUES ('OPERADOR DE PATIN (MOVER TRUCK)','',1,'2020-04-05 15:24:15.183000','Activo');
INSERT INTO db_uniprotec.cursos (nombre_curso, nota_curso, user_create_curso, create_at_curso , status_curso ) VALUES ('OPERADOR DE TRACTOR REMOLQUE CLASE VI (TUGGER)','',1,'2020-04-05 15:24:15.183000','Activo');
INSERT INTO db_uniprotec.cursos (nombre_curso, nota_curso, user_create_curso, create_at_curso , status_curso ) VALUES ('OPERADOR DE PLATAFORMA ELEVADORA','',1,'2020-04-05 15:24:15.183000','Activo');
INSERT INTO db_uniprotec.cursos (nombre_curso, nota_curso, user_create_curso, create_at_curso , status_curso ) VALUES ('OPERADOR DE EQUIPO MOVIL TODO TERRENO (POLARIS)','',1,'2020-04-05 15:24:15.183000','Activo');
INSERT INTO db_uniprotec.cursos (nombre_curso, nota_curso, user_create_curso, create_at_curso , status_curso ) VALUES ('OPERADOR DE MINI CARGADOR FRONTAL (BOBCAT)','',1,'2020-04-05 15:24:15.183000','Activo');
INSERT INTO db_uniprotec.cursos (nombre_curso, nota_curso, user_create_curso, create_at_curso , status_curso ) VALUES ('PLAN DE IZAJE','',1,'2020-04-05 15:24:15.183000','Activo');
INSERT INTO db_uniprotec.cursos (nombre_curso, nota_curso, user_create_curso, create_at_curso , status_curso ) VALUES ('SEGURIDAD EN EL MANEJO DE MAQUINARIA, EQUIPO Y HERRAMIENTAS NOM-004-STPS','',1,'2020-04-05 15:24:15.183000','Activo');
INSERT INTO db_uniprotec.cursos (nombre_curso, nota_curso, user_create_curso, create_at_curso , status_curso ) VALUES ('MANEJO Y ALMACENAMIENTO DE MATERIALES NOM-006-STPS','',1,'2020-04-05 15:24:15.183000','Activo');
INSERT INTO db_uniprotec.cursos (nombre_curso, nota_curso, user_create_curso, create_at_curso , status_curso ) VALUES ('BLOQUEO DE ENERGIA LOTO','',1,'2020-04-05 15:24:15.183000','Activo');
INSERT INTO db_uniprotec.cursos (nombre_curso, nota_curso, user_create_curso, create_at_curso , status_curso ) VALUES ('MANEJO DE SUSTANCIAS QUIMICAS ','',1,'2020-04-05 15:24:15.183000','Activo');
INSERT INTO db_uniprotec.cursos (nombre_curso, nota_curso, user_create_curso, create_at_curso , status_curso ) VALUES ('MANEJO DE RESIDUOS PELIGROSOS','',1,'2020-04-05 15:24:15.183000','Activo');
INSERT INTO db_uniprotec.cursos (nombre_curso, nota_curso, user_create_curso, create_at_curso , status_curso ) VALUES ('SEGURIDAD EN TRABAJOS EN ALTURA NOM 009 STPS','',1,'2020-04-05 15:24:15.183000','Activo');
INSERT INTO db_uniprotec.cursos (nombre_curso, nota_curso, user_create_curso, create_at_curso , status_curso ) VALUES ('CONDICIONES DE RUIDO EN LOS CENTROS DE TRABAJO NOM 011 STPS','',1,'2020-04-05 15:24:15.183000','Activo');
INSERT INTO db_uniprotec.cursos (nombre_curso, nota_curso, user_create_curso, create_at_curso , status_curso ) VALUES ('EQUIPO DE PROTECCION PERSONAL EPP NOM 017 STPS','',1,'2020-04-05 15:24:15.183000','Activo');
INSERT INTO db_uniprotec.cursos (nombre_curso, nota_curso, user_create_curso, create_at_curso , status_curso ) VALUES ('SGA SISTEMA GLOBALMENTE ARMONIZADO NOM 018 STPS','',1,'2020-04-05 15:24:15.183000','Activo');
INSERT INTO db_uniprotec.cursos (nombre_curso, nota_curso, user_create_curso, create_at_curso , status_curso ) VALUES ('COMISION DE SEGURIDAD E HIGIENE NOM 019 STPS','',1,'2020-04-05 15:24:15.183000','Activo');
INSERT INTO db_uniprotec.cursos (nombre_curso, nota_curso, user_create_curso, create_at_curso , status_curso ) VALUES ('OPERADOR DE RECIPIENTES SUJETOS A PRESION NOM 020 STPS','',1,'2020-04-05 15:24:15.183000','Activo');
INSERT INTO db_uniprotec.cursos (nombre_curso, nota_curso, user_create_curso, create_at_curso , status_curso ) VALUES ('OPERACIÓN SEGURA Y FUNCIONAMIENTO DE CALDERAS NOM 020 STPS','',1,'2020-04-05 15:24:15.183000','Activo');
INSERT INTO db_uniprotec.cursos (nombre_curso, nota_curso, user_create_curso, create_at_curso , status_curso ) VALUES ('OPERADOR DE RECIPIENTES SUJETOS A PRESION Y CALDERAS NOM 020 STPS','',1,'2020-04-05 15:24:15.183000','Activo');
INSERT INTO db_uniprotec.cursos (nombre_curso, nota_curso, user_create_curso, create_at_curso , status_curso ) VALUES ('ELECTRICIDAD ESTATICA EN LOS CENTROS DE TRABAJO CONDICIONES DE SEGURIDAD NOM- 022-STPS-2015 ','',1,'2020-04-05 15:24:15.183000','Activo');
INSERT INTO db_uniprotec.cursos (nombre_curso, nota_curso, user_create_curso, create_at_curso , status_curso ) VALUES ('CONDICIONES DE ILUMINACION EN LOS CENTROS DE TRABAJO NOM 025 STPS','',1,'2020-04-05 15:24:15.183000','Activo');
INSERT INTO db_uniprotec.cursos (nombre_curso, nota_curso, user_create_curso, create_at_curso , status_curso ) VALUES ('INTERPRETACION DE LOS ELEMENTOS DE SEÑALIZACION NOM 026 STPS','',1,'2020-04-05 15:24:15.183000','Activo');
INSERT INTO db_uniprotec.cursos (nombre_curso, nota_curso, user_create_curso, create_at_curso , status_curso ) VALUES ('SEGURIDAD EN CORTE Y SOLDADURA NOM 027-STPS','',1,'2020-04-05 15:24:15.183000','Activo');
INSERT INTO db_uniprotec.cursos (nombre_curso, nota_curso, user_create_curso, create_at_curso , status_curso ) VALUES ('PROCESOS Y EQUIPOS CRITICOS QUE MANEJAN SUSTANCIAS QUIMICAS NOM 028 STPS','',1,'2020-04-05 15:24:15.183000','Activo');
INSERT INTO db_uniprotec.cursos (nombre_curso, nota_curso, user_create_curso, create_at_curso , status_curso ) VALUES ('SEGURIDAD EN MANTENIMIENTO A INSTALACIONES ELECTRICAS NOM 029 STPS','',1,'2020-04-05 15:24:15.183000','Activo');
INSERT INTO db_uniprotec.cursos (nombre_curso, nota_curso, user_create_curso, create_at_curso , status_curso ) VALUES ('SERVICIOS DE SEGURIDAD Y SALUD EN EL TRABAJO NOM-030-STPS ','',1,'2020-04-05 15:24:15.183000','Activo');
INSERT INTO db_uniprotec.cursos (nombre_curso, nota_curso, user_create_curso, create_at_curso , status_curso ) VALUES ('SEGURIDAD EN TRABAJOS EN ESPACIOS CONFINADOS NOM-033-STPS-2015','',1,'2020-04-05 15:24:15.183000','Activo');
INSERT INTO db_uniprotec.cursos (nombre_curso, nota_curso, user_create_curso, create_at_curso , status_curso ) VALUES ('FACTORES DE RIESGOS PSICOSOCIALES EN EL TRABAJO, IDENTIFICACION, ANALISIS Y PREVENCION NOM-035-STPS-2018','',1,'2020-04-05 15:24:15.183000','Activo');
INSERT INTO db_uniprotec.cursos (nombre_curso, nota_curso, user_create_curso, create_at_curso , status_curso ) VALUES ('MANEJO DEFENSIVO','',1,'2020-04-05 15:24:15.183000','Activo');
INSERT INTO db_uniprotec.cursos (nombre_curso, nota_curso, user_create_curso, create_at_curso , status_curso ) VALUES ('LEGISLACION AMBIENTAL','',1,'2020-04-05 15:24:15.183000','Activo');
INSERT INTO db_uniprotec.cursos (nombre_curso, nota_curso, user_create_curso, create_at_curso , status_curso ) VALUES ('LEGISLACION, SEGURIDAD HIGIENE Y OCUPACIONAL','',1,'2020-04-05 15:24:15.183000','Activo');
INSERT INTO db_uniprotec.cursos (nombre_curso, nota_curso, user_create_curso, create_at_curso , status_curso ) VALUES ('IDENTIDIFICACION DE PELIGROS Y EVALUACION DE RIESGO','',1,'2020-04-05 15:24:15.183000','Activo');
INSERT INTO db_uniprotec.cursos (nombre_curso, nota_curso, user_create_curso, create_at_curso , status_curso ) VALUES ('INVESTIGACION DE ACCIDENTES E INCIDENTES','',1,'2020-04-05 15:24:15.183000','Activo');
INSERT INTO db_uniprotec.cursos (nombre_curso, nota_curso, user_create_curso, create_at_curso , status_curso ) VALUES ('ANALISIS DE CAUSA RAIZ Y DETERMINACION DE PLANES DE ACCION','',1,'2020-04-05 15:24:15.183000','Activo');
INSERT INTO db_uniprotec.cursos (nombre_curso, nota_curso, user_create_curso, create_at_curso , status_curso ) VALUES ('FACTORES DE RIESGO ERGONOMICO NOM-036-STPS ','',1,'2020-04-05 15:24:15.183000','Activo');
INSERT INTO db_uniprotec.cursos (nombre_curso, nota_curso, user_create_curso, create_at_curso , status_curso ) VALUES ('SALUD OCUPACIONAL (ATMOSFERAS EXPLOSIVAS ATEX)','',1,'2020-04-05 15:24:15.183000','Activo');
INSERT INTO db_uniprotec.cursos (nombre_curso, nota_curso, user_create_curso, create_at_curso , status_curso ) VALUES ('MANEJO DE GAS NATURAL GAS LP','',1,'2020-04-05 15:24:15.183000','Activo');
INSERT INTO db_uniprotec.cursos (nombre_curso, nota_curso, user_create_curso, create_at_curso , status_curso ) VALUES ('FORMACION DE SUPERVISORES','',1,'2020-04-05 15:24:15.183000','Activo');
INSERT INTO db_uniprotec.cursos (nombre_curso, nota_curso, user_create_curso, create_at_curso , status_curso ) VALUES ('TRABAJO EN CALIENTE','',1,'2020-04-05 15:24:15.183000','Activo');
INSERT INTO db_uniprotec.cursos (nombre_curso, nota_curso, user_create_curso, create_at_curso , status_curso ) VALUES ('CUIDADO DE LAS MANOS','',1,'2020-04-05 15:24:15.183000','Activo');
INSERT INTO db_uniprotec.cursos (nombre_curso, nota_curso, user_create_curso, create_at_curso , status_curso ) VALUES ('SEGURIDAD EN EL MANEJO DE HORNOS','',1,'2020-04-05 15:24:15.183000','Activo');
INSERT INTO db_uniprotec.cursos (nombre_curso, nota_curso, user_create_curso, create_at_curso , status_curso ) VALUES ('MANTENIMIENTO A PLANTAS DE TRATAMIENTO DE AGUAS RESIDUALES','',1,'2020-04-05 15:24:15.183000','Activo');
INSERT INTO db_uniprotec.cursos (nombre_curso, nota_curso, user_create_curso, create_at_curso , status_curso ) VALUES ('8 DS','',1,'2020-04-05 15:24:15.183000','Activo');
INSERT INTO db_uniprotec.cursos (nombre_curso, nota_curso, user_create_curso, create_at_curso , status_curso ) VALUES ('SIX SIGMA ','',1,'2020-04-05 15:24:15.183000','Activo');
INSERT INTO db_uniprotec.cursos (nombre_curso, nota_curso, user_create_curso, create_at_curso , status_curso ) VALUES ('MANTENIMIENTO PRODUCTIVO TOTAL (TPM LEAN MANUFACTURING)','',1,'2020-04-05 15:24:15.183000','Activo');
INSERT INTO db_uniprotec.cursos (nombre_curso, nota_curso, user_create_curso, create_at_curso , status_curso ) VALUES ('LAS 5S','',1,'2020-04-05 15:24:15.183000','Activo');
INSERT INTO db_uniprotec.cursos (nombre_curso, nota_curso, user_create_curso, create_at_curso , status_curso ) VALUES ('PROCESOS DE SOLDADURA ','',1,'2020-04-05 15:24:15.183000','Activo');
INSERT INTO db_uniprotec.cursos (nombre_curso, nota_curso, user_create_curso, create_at_curso , status_curso ) VALUES ('PLC ','',1,'2020-04-05 15:24:15.183000','Activo');
INSERT INTO db_uniprotec.cursos (nombre_curso, nota_curso, user_create_curso, create_at_curso , status_curso ) VALUES ('INTSTRUMENTOS DE MEDICION','',1,'2020-04-05 15:24:15.183000','Activo');
INSERT INTO db_uniprotec.cursos (nombre_curso, nota_curso, user_create_curso, create_at_curso , status_curso ) VALUES ('MAQUINAS Y HERRAMIENTAS','',1,'2020-04-05 15:24:15.183000','Activo');
INSERT INTO db_uniprotec.cursos (nombre_curso, nota_curso, user_create_curso, create_at_curso , status_curso ) VALUES ('ELECTRICIDAD INDUSTRIAL','',1,'2020-04-05 15:24:15.183000','Activo');
INSERT INTO db_uniprotec.cursos (nombre_curso, nota_curso, user_create_curso, create_at_curso , status_curso ) VALUES ('MANTENIMIENTO A SUBESTACIONES ELECTRICAS','',1,'2020-04-05 15:24:15.183000','Activo');
INSERT INTO db_uniprotec.cursos (nombre_curso, nota_curso, user_create_curso, create_at_curso , status_curso ) VALUES ('ELECTRONICA INDUSTRIAL','',1,'2020-04-05 15:24:15.183000','Activo');
INSERT INTO db_uniprotec.cursos (nombre_curso, nota_curso, user_create_curso, create_at_curso , status_curso ) VALUES ('NEUMATICA','',1,'2020-04-05 15:24:15.183000','Activo');
INSERT INTO db_uniprotec.cursos (nombre_curso, nota_curso, user_create_curso, create_at_curso , status_curso ) VALUES ('HIDRAULICA','',1,'2020-04-05 15:24:15.183000','Activo');
INSERT INTO db_uniprotec.cursos (nombre_curso, nota_curso, user_create_curso, create_at_curso , status_curso ) VALUES ('AIRE ACONDICIONADO','',1,'2020-04-05 15:24:15.183000','Activo');
INSERT INTO db_uniprotec.cursos (nombre_curso, nota_curso, user_create_curso, create_at_curso , status_curso ) VALUES ('CONTROL DE MOTORES CONTROL ELECTRICO','',1,'2020-04-05 15:24:15.183000','Activo');
INSERT INTO db_uniprotec.cursos (nombre_curso, nota_curso, user_create_curso, create_at_curso , status_curso ) VALUES ('FORMACION DE BRIGADA DE COMBATE CONTRA INCENDIO','',1,'2020-04-05 15:24:15.183000','Activo');
INSERT INTO db_uniprotec.cursos (nombre_curso, nota_curso, user_create_curso, create_at_curso , status_curso ) VALUES ('MANEJO DE EXTINTORES','',1,'2020-04-05 15:24:15.183000','Activo');
INSERT INTO db_uniprotec.cursos (nombre_curso, nota_curso, user_create_curso, create_at_curso , status_curso ) VALUES ('FORMACION DE BRIGADA DE PRIMEROS AUXILIOS','',1,'2020-04-05 15:24:15.183000','Activo');
INSERT INTO db_uniprotec.cursos (nombre_curso, nota_curso, user_create_curso, create_at_curso , status_curso ) VALUES ('FORMACION DE BRIGADA DE COMUNICACION, EVACUACION Y RESCATE','',1,'2020-04-05 15:24:15.183000','Activo');
INSERT INTO db_uniprotec.cursos (nombre_curso, nota_curso, user_create_curso, create_at_curso , status_curso ) VALUES ('COMUNICACIÓN SISTEMA DE COMANDO DE INCIDENTES','',1,'2020-04-05 15:24:15.183000','Activo');
INSERT INTO db_uniprotec.cursos (nombre_curso, nota_curso, user_create_curso, create_at_curso , status_curso ) VALUES ('RESPUESTA A EMERGENCIA CONTRA DERRAMES','',1,'2020-04-05 15:24:15.183000','Activo');
INSERT INTO db_uniprotec.cursos (nombre_curso, nota_curso, user_create_curso, create_at_curso , status_curso ) VALUES ('BRIGADA MULTIFUNCIONAL','',1,'2020-04-05 15:24:15.183000','Activo');
INSERT INTO db_uniprotec.cursos (nombre_curso, nota_curso, user_create_curso, create_at_curso , status_curso ) VALUES ('RESCATE EN ALTURAS Y ESPACIOS CONFINADOS','',1,'2020-04-05 15:24:15.183000','Activo');
INSERT INTO db_uniprotec.cursos (nombre_curso, nota_curso, user_create_curso, create_at_curso , status_curso ) VALUES ('FORMACION DE INSTRUCTORES','',1,'2020-04-05 15:24:15.183000','Activo');
INSERT INTO db_uniprotec.cursos (nombre_curso, nota_curso, user_create_curso, create_at_curso , status_curso ) VALUES ('HABITOS DE LA GENTE EFECTIVA','',1,'2020-04-05 15:24:15.183000','Activo');
INSERT INTO db_uniprotec.cursos (nombre_curso, nota_curso, user_create_curso, create_at_curso , status_curso ) VALUES ('COMUNICACIÓN EFECTIVA','',1,'2020-04-05 15:24:15.183000','Activo');
INSERT INTO db_uniprotec.cursos (nombre_curso, nota_curso, user_create_curso, create_at_curso , status_curso ) VALUES ('MOTIVACION','',1,'2020-04-05 15:24:15.183000','Activo');
INSERT INTO db_uniprotec.cursos (nombre_curso, nota_curso, user_create_curso, create_at_curso , status_curso ) VALUES ('TRABAJO EN EQUIPO','',1,'2020-04-05 15:24:15.183000','Activo');
INSERT INTO db_uniprotec.cursos (nombre_curso, nota_curso, user_create_curso, create_at_curso , status_curso ) VALUES ('LIDERAZGO','',1,'2020-04-05 15:24:15.183000','Activo');
INSERT INTO db_uniprotec.cursos (nombre_curso, nota_curso, user_create_curso, create_at_curso , status_curso ) VALUES ('RECLUTAMIENTO EFECTIVO','',1,'2020-04-05 15:24:15.183000','Activo');
INSERT INTO db_uniprotec.cursos (nombre_curso, nota_curso, user_create_curso, create_at_curso , status_curso ) VALUES ('LIDERAZGO GERENCIAL','',1,'2020-04-05 15:24:15.183000','Activo');
INSERT INTO db_uniprotec.cursos (nombre_curso, nota_curso, user_create_curso, create_at_curso , status_curso ) VALUES ('ADMINISTRACION DEL TIEMPO','',1,'2020-04-05 15:24:15.183000','Activo');
INSERT INTO db_uniprotec.cursos (nombre_curso, nota_curso, user_create_curso, create_at_curso , status_curso ) VALUES ('ATENCIÓN A CLIENTES','',1,'2020-04-05 15:24:15.183000','Activo');
INSERT INTO db_uniprotec.cursos (nombre_curso, nota_curso, user_create_curso, create_at_curso , status_curso ) VALUES ('HABILIDADES GERENCIALES','',1,'2020-04-05 15:24:15.183000','Activo');
INSERT INTO db_uniprotec.cursos (nombre_curso, nota_curso, user_create_curso, create_at_curso , status_curso ) VALUES ('MANEJO DE CONFLICTOS','',1,'2020-04-05 15:24:15.183000','Activo');
INSERT INTO db_uniprotec.cursos (nombre_curso, nota_curso, user_create_curso, create_at_curso , status_curso ) VALUES ('MANEJO Y SOLUCIÓN DE CONFLICTOS','',1,'2020-04-05 15:24:15.183000','Activo');
INSERT INTO db_uniprotec.cursos (nombre_curso, nota_curso, user_create_curso, create_at_curso , status_curso ) VALUES ('NEGOCIACIONES EFECTIVAS','',1,'2020-04-05 15:24:15.183000','Activo');
INSERT INTO db_uniprotec.cursos (nombre_curso, nota_curso, user_create_curso, create_at_curso , status_curso ) VALUES ('MANEJO DE ESTRÉS LABORAL','',1,'2020-04-05 15:24:15.183000','Activo');
INSERT INTO db_uniprotec.cursos (nombre_curso, nota_curso, user_create_curso, create_at_curso , status_curso ) VALUES ('INTELIGENCIA EMOCIONAL PNL','',1,'2020-04-05 15:24:15.183000','Activo');
INSERT INTO db_uniprotec.cursos (nombre_curso, nota_curso, user_create_curso, create_at_curso , status_curso ) VALUES ('TOMA DE DECISIONES','',1,'2020-04-05 15:24:15.183000','Activo');
INSERT INTO db_uniprotec.cursos (nombre_curso, nota_curso, user_create_curso, create_at_curso , status_curso ) VALUES ('TRABAJO EN EQUIPO','',1,'2020-04-05 15:24:15.183000','Activo');

ALTER TABLE db_uniprotec.vendedores AUTO_INCREMENT = 1;
INSERT INTO db_uniprotec.vendedores (nombre_vendedor,  email_vendedor, email_gmail_vendedor, nota_vendedor, create_at_vendedor, status_vendedor, user_create_vendedor) VALUES ('Lidia Arellano Urbina', 'lidia.arellano@uniprotec.net', 'lidia.uniprotec@gmail.com', 'nota','2020-04-05 15:24:15.183000','Activo',1);
INSERT INTO db_uniprotec.vendedores (nombre_vendedor,  email_vendedor, email_gmail_vendedor, nota_vendedor, create_at_vendedor, status_vendedor, user_create_vendedor) VALUES ('Karla ivonne Hernandez Mena', 'atencionaclientes1@uniprotec.net', 'karla12hernandezmena@gmail.com', 'nota','2020-04-05 15:24:15.183000','Activo',1);
INSERT INTO db_uniprotec.vendedores (nombre_vendedor,  email_vendedor, email_gmail_vendedor, nota_vendedor, create_at_vendedor, status_vendedor, user_create_vendedor) VALUES ('Isabel Gabriela Perez Chavez', 'gabriela.perez@uniprotec.net', 'gabriela.uniprotec@gmail.com', 'nota','2020-04-05 15:24:15.183000','Activo',1);
INSERT INTO db_uniprotec.vendedores (nombre_vendedor,  email_vendedor, email_gmail_vendedor, nota_vendedor, create_at_vendedor, status_vendedor, user_create_vendedor) VALUES ('Carolina Viridiana Muñiz Montoya', 'atencionaclientes4@uniprotec.net', 'viridiana.muniz@gmail.com', 'nota','2020-04-05 15:24:15.183000','Activo',1);
INSERT INTO db_uniprotec.vendedores (nombre_vendedor,  email_vendedor, email_gmail_vendedor, nota_vendedor, create_at_vendedor, status_vendedor, user_create_vendedor) VALUES ('Ma del Rocio Muñoz Vazquez', 'rocio.munoz@uniprotec.net', 'muñoz.rocio09oct@gmail.com', 'nota','2020-04-05 15:24:15.183000','Activo',1);
INSERT INTO db_uniprotec.vendedores (nombre_vendedor,  email_vendedor, email_gmail_vendedor, nota_vendedor, create_at_vendedor, status_vendedor, user_create_vendedor) VALUES ('Oscar Alejandro Vazquez', 'oscar.vazquez@uniprotec.net', 'oscaruniprotec@gmail.com', 'nota','2020-04-05 15:24:15.183000','Activo',1);
INSERT INTO db_uniprotec.vendedores (nombre_vendedor,  email_vendedor, email_gmail_vendedor, nota_vendedor, create_at_vendedor, status_vendedor, user_create_vendedor) VALUES ('Veronica Tejeda Gutierrez', 'atencionaclientes6@uniprotec.net', 'kasamber.1311@gmail.com', 'nota','2020-04-05 15:24:15.183000','Activo',1);
INSERT INTO db_uniprotec.vendedores (nombre_vendedor,  email_vendedor, email_gmail_vendedor, nota_vendedor, create_at_vendedor, status_vendedor, user_create_vendedor) VALUES ('Sergio Fabian Zuñiga Vazquez', 'sergio.zuñiga@uniprotec.net', 'sergiouniprotec@gmail.com', 'nota','2020-04-05 15:24:15.183000','Activo',1);
INSERT INTO db_uniprotec.vendedores (nombre_vendedor,  email_vendedor, email_gmail_vendedor, nota_vendedor, create_at_vendedor, status_vendedor, user_create_vendedor) VALUES ('Maria Guadalupe Araujo Gonzalez', 'guadalupe.araujo@uniprotec.net', 'lupita.argon02@gmail.com', 'nota','2020-04-05 15:24:15.183000','Activo',1);
INSERT INTO db_uniprotec.vendedores (nombre_vendedor,  email_vendedor, email_gmail_vendedor, nota_vendedor, create_at_vendedor, status_vendedor, user_create_vendedor) VALUES ('Natalia Denisse Estrada Granados', 'natalia.estrada@uniprotec.net', 'natalia.estrada@gmail.com', 'nota','2020-04-05 15:24:15.183000','Activo',1);
INSERT INTO db_uniprotec.vendedores (nombre_vendedor,  email_vendedor, email_gmail_vendedor, nota_vendedor, create_at_vendedor, status_vendedor, user_create_vendedor) VALUES ('Melisa Jazmin Anguiano Alvarez', 'melisa.anguiano@uniprotec.net', 'melisa.anguiano.a@gmail.com', 'nota','2020-04-05 15:24:15.183000','Activo',1);
INSERT INTO db_uniprotec.vendedores (nombre_vendedor,  email_vendedor, email_gmail_vendedor, nota_vendedor, create_at_vendedor, status_vendedor, user_create_vendedor) VALUES ('Julisa Marcial Santos', 'julisa.marcial@uniprotec.net', 'marcialjulisa78@gmail.com', 'nota','2020-04-05 15:24:15.183000','Activo',1);
INSERT INTO db_uniprotec.vendedores (nombre_vendedor,  email_vendedor, email_gmail_vendedor, nota_vendedor, create_at_vendedor, status_vendedor, user_create_vendedor) VALUES ('Ricardo Alonso Perez Palacios', 'ricardo.perez@uniprotec.net', 'ricardoalonsoperez49@gmail.com', 'nota','2020-04-05 15:24:15.183000','Activo',1);
INSERT INTO db_uniprotec.vendedores (nombre_vendedor,  email_vendedor, email_gmail_vendedor, nota_vendedor, create_at_vendedor, status_vendedor, user_create_vendedor) VALUES ('Rodolfo Valdez Sanchez', 'rodolfo.valdez@uniprotec.net', 'rodolfovaldezsanchez3@gmail.com', 'nota','2020-04-05 15:24:15.183000','Activo',1);
INSERT INTO db_uniprotec.vendedores (nombre_vendedor,  email_vendedor, email_gmail_vendedor, nota_vendedor, create_at_vendedor, status_vendedor, user_create_vendedor) VALUES ('Janeth Verenice Valdez Sanchez', 'verenice.valdez@uniprotec.net', 'verenice.valdez78@gmail.com', 'nota','2020-04-05 15:24:15.183000','Activo',1);
INSERT INTO db_uniprotec.vendedores (nombre_vendedor,  email_vendedor, email_gmail_vendedor, nota_vendedor, create_at_vendedor, status_vendedor, user_create_vendedor) VALUES ('Gabriel Limon Rodriguez', 'gabriel.limon@uniprotec.net', 'gabriel.uniprotec@gmail.com', 'nota','2020-04-05 15:24:15.183000','Activo',1);

insert into db_uniprotec.cursos_instructores values(1, 1);
insert into db_uniprotec.cursos_instructores values(1, 2);
insert into db_uniprotec.cursos_instructores values(1, 3);
insert into db_uniprotec.cursos_instructores values(1, 4);
insert into db_uniprotec.cursos_instructores values(1, 5);
insert into db_uniprotec.cursos_instructores values(1, 8);
insert into db_uniprotec.cursos_instructores values(1, 9);
insert into db_uniprotec.cursos_instructores values(1, 11);
insert into db_uniprotec.cursos_instructores values(1, 12);
insert into db_uniprotec.cursos_instructores values(1, 13);
insert into db_uniprotec.cursos_instructores values(1, 14);
insert into db_uniprotec.cursos_instructores values(2, 1);
insert into db_uniprotec.cursos_instructores values(2, 2);
insert into db_uniprotec.cursos_instructores values(2, 3);
insert into db_uniprotec.cursos_instructores values(2, 4);
insert into db_uniprotec.cursos_instructores values(2, 5);
insert into db_uniprotec.cursos_instructores values(2, 8);
insert into db_uniprotec.cursos_instructores values(2, 9);
insert into db_uniprotec.cursos_instructores values(2, 11);
insert into db_uniprotec.cursos_instructores values(2, 12);
insert into db_uniprotec.cursos_instructores values(2, 13);
insert into db_uniprotec.cursos_instructores values(2, 14);
insert into db_uniprotec.cursos_instructores values(3, 1);
insert into db_uniprotec.cursos_instructores values(3, 2);
insert into db_uniprotec.cursos_instructores values(3, 4);
insert into db_uniprotec.cursos_instructores values(3, 5);
insert into db_uniprotec.cursos_instructores values(3, 8);
insert into db_uniprotec.cursos_instructores values(3, 9);
insert into db_uniprotec.cursos_instructores values(3, 11);
insert into db_uniprotec.cursos_instructores values(3, 12);
insert into db_uniprotec.cursos_instructores values(3, 13);
insert into db_uniprotec.cursos_instructores values(3, 14);
insert into db_uniprotec.cursos_instructores values(4, 1);
insert into db_uniprotec.cursos_instructores values(4, 2);
insert into db_uniprotec.cursos_instructores values(4, 4);
insert into db_uniprotec.cursos_instructores values(4, 5);
insert into db_uniprotec.cursos_instructores values(4, 8);
insert into db_uniprotec.cursos_instructores values(4, 9);
insert into db_uniprotec.cursos_instructores values(4, 11);
insert into db_uniprotec.cursos_instructores values(4, 12);
insert into db_uniprotec.cursos_instructores values(4, 13);
insert into db_uniprotec.cursos_instructores values(4, 14);
insert into db_uniprotec.cursos_instructores values(5, 1);
insert into db_uniprotec.cursos_instructores values(5, 2);
insert into db_uniprotec.cursos_instructores values(5, 4);
insert into db_uniprotec.cursos_instructores values(5, 5);
insert into db_uniprotec.cursos_instructores values(5, 8);
insert into db_uniprotec.cursos_instructores values(5, 9);
insert into db_uniprotec.cursos_instructores values(5, 11);
insert into db_uniprotec.cursos_instructores values(5, 12);
insert into db_uniprotec.cursos_instructores values(5, 13);
insert into db_uniprotec.cursos_instructores values(5, 14);
insert into db_uniprotec.cursos_instructores values(6, 1);
insert into db_uniprotec.cursos_instructores values(6, 2);
insert into db_uniprotec.cursos_instructores values(6, 4);
insert into db_uniprotec.cursos_instructores values(6, 5);
insert into db_uniprotec.cursos_instructores values(6, 9);
insert into db_uniprotec.cursos_instructores values(6, 11);
insert into db_uniprotec.cursos_instructores values(6, 13);
insert into db_uniprotec.cursos_instructores values(6, 14);
insert into db_uniprotec.cursos_instructores values(7, 1);
insert into db_uniprotec.cursos_instructores values(7, 2);
insert into db_uniprotec.cursos_instructores values(7, 3);
insert into db_uniprotec.cursos_instructores values(7, 4);
insert into db_uniprotec.cursos_instructores values(7, 5);
insert into db_uniprotec.cursos_instructores values(7, 8);
insert into db_uniprotec.cursos_instructores values(7, 9);
insert into db_uniprotec.cursos_instructores values(7, 11);
insert into db_uniprotec.cursos_instructores values(7, 12);
insert into db_uniprotec.cursos_instructores values(7, 13);
insert into db_uniprotec.cursos_instructores values(7, 14);
insert into db_uniprotec.cursos_instructores values(8, 1);
insert into db_uniprotec.cursos_instructores values(8, 2);
insert into db_uniprotec.cursos_instructores values(8, 3);
insert into db_uniprotec.cursos_instructores values(8, 4);
insert into db_uniprotec.cursos_instructores values(8, 5);
insert into db_uniprotec.cursos_instructores values(8, 8);
insert into db_uniprotec.cursos_instructores values(8, 9);
insert into db_uniprotec.cursos_instructores values(8, 11);
insert into db_uniprotec.cursos_instructores values(8, 12);
insert into db_uniprotec.cursos_instructores values(8, 13);
insert into db_uniprotec.cursos_instructores values(8, 14);
insert into db_uniprotec.cursos_instructores values(9, 5);
insert into db_uniprotec.cursos_instructores values(9, 8);
insert into db_uniprotec.cursos_instructores values(10, 1);
insert into db_uniprotec.cursos_instructores values(11, 1);
insert into db_uniprotec.cursos_instructores values(11, 2);
insert into db_uniprotec.cursos_instructores values(11, 3);
insert into db_uniprotec.cursos_instructores values(11, 4);
insert into db_uniprotec.cursos_instructores values(11, 5);
insert into db_uniprotec.cursos_instructores values(11, 8);
insert into db_uniprotec.cursos_instructores values(11, 9);
insert into db_uniprotec.cursos_instructores values(11, 11);
insert into db_uniprotec.cursos_instructores values(11, 12);
insert into db_uniprotec.cursos_instructores values(11, 13);
insert into db_uniprotec.cursos_instructores values(11, 14);
insert into db_uniprotec.cursos_instructores values(12, 1);
insert into db_uniprotec.cursos_instructores values(12, 2);
insert into db_uniprotec.cursos_instructores values(12, 4);
insert into db_uniprotec.cursos_instructores values(12, 5);
insert into db_uniprotec.cursos_instructores values(12, 8);
insert into db_uniprotec.cursos_instructores values(12, 9);
insert into db_uniprotec.cursos_instructores values(12, 11);
insert into db_uniprotec.cursos_instructores values(12, 12);
insert into db_uniprotec.cursos_instructores values(12, 13);
insert into db_uniprotec.cursos_instructores values(12, 14);
insert into db_uniprotec.cursos_instructores values(13, 1);
insert into db_uniprotec.cursos_instructores values(13, 2);
insert into db_uniprotec.cursos_instructores values(13, 3);
insert into db_uniprotec.cursos_instructores values(13, 4);
insert into db_uniprotec.cursos_instructores values(13, 5);
insert into db_uniprotec.cursos_instructores values(13, 11);
insert into db_uniprotec.cursos_instructores values(13, 13);
insert into db_uniprotec.cursos_instructores values(13, 14);
insert into db_uniprotec.cursos_instructores values(14, 1);
insert into db_uniprotec.cursos_instructores values(14, 5);
insert into db_uniprotec.cursos_instructores values(14, 12);
insert into db_uniprotec.cursos_instructores values(14, 14);
insert into db_uniprotec.cursos_instructores values(15, 1);
insert into db_uniprotec.cursos_instructores values(15, 2);
insert into db_uniprotec.cursos_instructores values(15, 4);
insert into db_uniprotec.cursos_instructores values(15, 5);
insert into db_uniprotec.cursos_instructores values(15, 9);
insert into db_uniprotec.cursos_instructores values(15, 11);
insert into db_uniprotec.cursos_instructores values(15, 13);
insert into db_uniprotec.cursos_instructores values(15, 14);
insert into db_uniprotec.cursos_instructores values(16, 1);
insert into db_uniprotec.cursos_instructores values(16, 2);
insert into db_uniprotec.cursos_instructores values(16, 4);
insert into db_uniprotec.cursos_instructores values(16, 5);
insert into db_uniprotec.cursos_instructores values(16, 8);
insert into db_uniprotec.cursos_instructores values(16, 9);
insert into db_uniprotec.cursos_instructores values(16, 11);
insert into db_uniprotec.cursos_instructores values(16, 13);
insert into db_uniprotec.cursos_instructores values(16, 14);
insert into db_uniprotec.cursos_instructores values(17, 1);
insert into db_uniprotec.cursos_instructores values(17, 2);
insert into db_uniprotec.cursos_instructores values(17, 4);
insert into db_uniprotec.cursos_instructores values(17, 5);
insert into db_uniprotec.cursos_instructores values(17, 9);
insert into db_uniprotec.cursos_instructores values(17, 11);
insert into db_uniprotec.cursos_instructores values(17, 13);
insert into db_uniprotec.cursos_instructores values(17, 14);
insert into db_uniprotec.cursos_instructores values(18, 1);
insert into db_uniprotec.cursos_instructores values(18, 2);
insert into db_uniprotec.cursos_instructores values(18, 4);
insert into db_uniprotec.cursos_instructores values(18, 5);
insert into db_uniprotec.cursos_instructores values(18, 8);
insert into db_uniprotec.cursos_instructores values(18, 9);
insert into db_uniprotec.cursos_instructores values(18, 11);
insert into db_uniprotec.cursos_instructores values(18, 12);
insert into db_uniprotec.cursos_instructores values(18, 13);
insert into db_uniprotec.cursos_instructores values(18, 14);
insert into db_uniprotec.cursos_instructores values(19, 2);
insert into db_uniprotec.cursos_instructores values(19, 5);
insert into db_uniprotec.cursos_instructores values(19, 9);
insert into db_uniprotec.cursos_instructores values(19, 10);
insert into db_uniprotec.cursos_instructores values(19, 11);
insert into db_uniprotec.cursos_instructores values(19, 13);
insert into db_uniprotec.cursos_instructores values(19, 14);
insert into db_uniprotec.cursos_instructores values(20, 2);
insert into db_uniprotec.cursos_instructores values(20, 9);
insert into db_uniprotec.cursos_instructores values(20, 10);
insert into db_uniprotec.cursos_instructores values(20, 11);
insert into db_uniprotec.cursos_instructores values(20, 13);
insert into db_uniprotec.cursos_instructores values(20, 14);
insert into db_uniprotec.cursos_instructores values(21, 1);
insert into db_uniprotec.cursos_instructores values(21, 2);
insert into db_uniprotec.cursos_instructores values(21, 4);
insert into db_uniprotec.cursos_instructores values(21, 5);
insert into db_uniprotec.cursos_instructores values(21, 8);
insert into db_uniprotec.cursos_instructores values(21, 9);
insert into db_uniprotec.cursos_instructores values(21, 10);
insert into db_uniprotec.cursos_instructores values(21, 11);
insert into db_uniprotec.cursos_instructores values(21, 12);
insert into db_uniprotec.cursos_instructores values(21, 13);
insert into db_uniprotec.cursos_instructores values(21, 14);
insert into db_uniprotec.cursos_instructores values(22, 2);
insert into db_uniprotec.cursos_instructores values(22, 9);
insert into db_uniprotec.cursos_instructores values(22, 10);
insert into db_uniprotec.cursos_instructores values(22, 11);
insert into db_uniprotec.cursos_instructores values(22, 13);
insert into db_uniprotec.cursos_instructores values(22, 14);
insert into db_uniprotec.cursos_instructores values(23, 1);
insert into db_uniprotec.cursos_instructores values(23, 2);
insert into db_uniprotec.cursos_instructores values(23, 3);
insert into db_uniprotec.cursos_instructores values(23, 4);
insert into db_uniprotec.cursos_instructores values(23, 5);
insert into db_uniprotec.cursos_instructores values(23, 8);
insert into db_uniprotec.cursos_instructores values(23, 9);
insert into db_uniprotec.cursos_instructores values(23, 10);
insert into db_uniprotec.cursos_instructores values(23, 11);
insert into db_uniprotec.cursos_instructores values(23, 13);
insert into db_uniprotec.cursos_instructores values(23, 14);
insert into db_uniprotec.cursos_instructores values(24, 2);
insert into db_uniprotec.cursos_instructores values(24, 5);
insert into db_uniprotec.cursos_instructores values(24, 9);
insert into db_uniprotec.cursos_instructores values(24, 10);
insert into db_uniprotec.cursos_instructores values(24, 11);
insert into db_uniprotec.cursos_instructores values(24, 13);
insert into db_uniprotec.cursos_instructores values(24, 14);
insert into db_uniprotec.cursos_instructores values(25, 2);
insert into db_uniprotec.cursos_instructores values(25, 10);
insert into db_uniprotec.cursos_instructores values(25, 11);
insert into db_uniprotec.cursos_instructores values(25, 13);
insert into db_uniprotec.cursos_instructores values(25, 14);
insert into db_uniprotec.cursos_instructores values(26, 2);
insert into db_uniprotec.cursos_instructores values(26, 5);
insert into db_uniprotec.cursos_instructores values(26, 11);
insert into db_uniprotec.cursos_instructores values(26, 13);
insert into db_uniprotec.cursos_instructores values(27, 2);
insert into db_uniprotec.cursos_instructores values(27, 5);
insert into db_uniprotec.cursos_instructores values(27, 11);
insert into db_uniprotec.cursos_instructores values(27, 13);
insert into db_uniprotec.cursos_instructores values(28, 2);
insert into db_uniprotec.cursos_instructores values(28, 5);
insert into db_uniprotec.cursos_instructores values(28, 11);
insert into db_uniprotec.cursos_instructores values(28, 13);
insert into db_uniprotec.cursos_instructores values(29, 1);
insert into db_uniprotec.cursos_instructores values(29, 2);
insert into db_uniprotec.cursos_instructores values(29, 5);
insert into db_uniprotec.cursos_instructores values(29, 13);
insert into db_uniprotec.cursos_instructores values(29, 14);
insert into db_uniprotec.cursos_instructores values(30, 2);
insert into db_uniprotec.cursos_instructores values(30, 5);
insert into db_uniprotec.cursos_instructores values(30, 10);
insert into db_uniprotec.cursos_instructores values(30, 11);
insert into db_uniprotec.cursos_instructores values(30, 13);
insert into db_uniprotec.cursos_instructores values(30, 14);
insert into db_uniprotec.cursos_instructores values(31, 1);
insert into db_uniprotec.cursos_instructores values(31, 2);
insert into db_uniprotec.cursos_instructores values(31, 4);
insert into db_uniprotec.cursos_instructores values(31, 5);
insert into db_uniprotec.cursos_instructores values(31, 9);
insert into db_uniprotec.cursos_instructores values(31, 10);
insert into db_uniprotec.cursos_instructores values(31, 11);
insert into db_uniprotec.cursos_instructores values(31, 13);
insert into db_uniprotec.cursos_instructores values(31, 14);
insert into db_uniprotec.cursos_instructores values(32, 1);
insert into db_uniprotec.cursos_instructores values(32, 2);
insert into db_uniprotec.cursos_instructores values(32, 4);
insert into db_uniprotec.cursos_instructores values(32, 5);
insert into db_uniprotec.cursos_instructores values(32, 8);
insert into db_uniprotec.cursos_instructores values(32, 9);
insert into db_uniprotec.cursos_instructores values(32, 11);
insert into db_uniprotec.cursos_instructores values(32, 12);
insert into db_uniprotec.cursos_instructores values(32, 13);
insert into db_uniprotec.cursos_instructores values(32, 14);
insert into db_uniprotec.cursos_instructores values(33, 2);
insert into db_uniprotec.cursos_instructores values(33, 5);
insert into db_uniprotec.cursos_instructores values(33, 13);
insert into db_uniprotec.cursos_instructores values(33, 14);
insert into db_uniprotec.cursos_instructores values(34, 1);
insert into db_uniprotec.cursos_instructores values(34, 2);
insert into db_uniprotec.cursos_instructores values(34, 4);
insert into db_uniprotec.cursos_instructores values(34, 5);
insert into db_uniprotec.cursos_instructores values(34, 9);
insert into db_uniprotec.cursos_instructores values(34, 11);
insert into db_uniprotec.cursos_instructores values(34, 13);
insert into db_uniprotec.cursos_instructores values(34, 14);
insert into db_uniprotec.cursos_instructores values(35, 2);
insert into db_uniprotec.cursos_instructores values(35, 10);
insert into db_uniprotec.cursos_instructores values(35, 11);
insert into db_uniprotec.cursos_instructores values(35, 13);
insert into db_uniprotec.cursos_instructores values(35, 14);
insert into db_uniprotec.cursos_instructores values(36, 1);
insert into db_uniprotec.cursos_instructores values(36, 2);
insert into db_uniprotec.cursos_instructores values(36, 4);
insert into db_uniprotec.cursos_instructores values(36, 5);
insert into db_uniprotec.cursos_instructores values(36, 8);
insert into db_uniprotec.cursos_instructores values(36, 9);
insert into db_uniprotec.cursos_instructores values(36, 11);
insert into db_uniprotec.cursos_instructores values(36, 12);
insert into db_uniprotec.cursos_instructores values(36, 13);
insert into db_uniprotec.cursos_instructores values(36, 14);
insert into db_uniprotec.cursos_instructores values(37, 6);
insert into db_uniprotec.cursos_instructores values(37, 7);
insert into db_uniprotec.cursos_instructores values(38, 2);
insert into db_uniprotec.cursos_instructores values(38, 5);
insert into db_uniprotec.cursos_instructores values(38, 9);
insert into db_uniprotec.cursos_instructores values(38, 14);
insert into db_uniprotec.cursos_instructores values(39, 2);
insert into db_uniprotec.cursos_instructores values(39, 10);
insert into db_uniprotec.cursos_instructores values(39, 11);
insert into db_uniprotec.cursos_instructores values(39, 13);
insert into db_uniprotec.cursos_instructores values(40, 2);
insert into db_uniprotec.cursos_instructores values(40, 10);
insert into db_uniprotec.cursos_instructores values(40, 11);
insert into db_uniprotec.cursos_instructores values(40, 13);
insert into db_uniprotec.cursos_instructores values(41, 2);
insert into db_uniprotec.cursos_instructores values(41, 9);
insert into db_uniprotec.cursos_instructores values(41, 10);
insert into db_uniprotec.cursos_instructores values(41, 13);
insert into db_uniprotec.cursos_instructores values(41, 14);
insert into db_uniprotec.cursos_instructores values(42, 2);
insert into db_uniprotec.cursos_instructores values(42, 9);
insert into db_uniprotec.cursos_instructores values(42, 10);
insert into db_uniprotec.cursos_instructores values(42, 13);
insert into db_uniprotec.cursos_instructores values(42, 14);
insert into db_uniprotec.cursos_instructores values(43, 2);
insert into db_uniprotec.cursos_instructores values(43, 9);
insert into db_uniprotec.cursos_instructores values(43, 10);
insert into db_uniprotec.cursos_instructores values(43, 13);
insert into db_uniprotec.cursos_instructores values(43, 14);
insert into db_uniprotec.cursos_instructores values(44, 2);
insert into db_uniprotec.cursos_instructores values(44, 5);
insert into db_uniprotec.cursos_instructores values(44, 10);
insert into db_uniprotec.cursos_instructores values(44, 14);
insert into db_uniprotec.cursos_instructores values(45, 2);
insert into db_uniprotec.cursos_instructores values(45, 10);
insert into db_uniprotec.cursos_instructores values(45, 11);
insert into db_uniprotec.cursos_instructores values(46, 2);
insert into db_uniprotec.cursos_instructores values(46, 11);
insert into db_uniprotec.cursos_instructores values(46, 13);
insert into db_uniprotec.cursos_instructores values(47, 10);
insert into db_uniprotec.cursos_instructores values(47, 13);
insert into db_uniprotec.cursos_instructores values(47, 14);
insert into db_uniprotec.cursos_instructores values(47, 15);
insert into db_uniprotec.cursos_instructores values(48, 2);
insert into db_uniprotec.cursos_instructores values(48, 1);
insert into db_uniprotec.cursos_instructores values(48, 4);
insert into db_uniprotec.cursos_instructores values(48, 5);
insert into db_uniprotec.cursos_instructores values(48, 9);
insert into db_uniprotec.cursos_instructores values(48, 11);
insert into db_uniprotec.cursos_instructores values(48, 13);
insert into db_uniprotec.cursos_instructores values(48, 14);
insert into db_uniprotec.cursos_instructores values(49, 1);
insert into db_uniprotec.cursos_instructores values(49, 2);
insert into db_uniprotec.cursos_instructores values(49, 3);
insert into db_uniprotec.cursos_instructores values(49, 4);
insert into db_uniprotec.cursos_instructores values(49, 5);
insert into db_uniprotec.cursos_instructores values(49, 9);
insert into db_uniprotec.cursos_instructores values(49, 10);
insert into db_uniprotec.cursos_instructores values(49, 11);
insert into db_uniprotec.cursos_instructores values(49, 13);
insert into db_uniprotec.cursos_instructores values(49, 14);
insert into db_uniprotec.cursos_instructores values(50, 2);
insert into db_uniprotec.cursos_instructores values(51, 2);
insert into db_uniprotec.cursos_instructores values(51, 10);
insert into db_uniprotec.cursos_instructores values(51, 13);
insert into db_uniprotec.cursos_instructores values(52, 2);
insert into db_uniprotec.cursos_instructores values(52, 6);
insert into db_uniprotec.cursos_instructores values(52, 10);
insert into db_uniprotec.cursos_instructores values(52, 13);
insert into db_uniprotec.cursos_instructores values(53, 2);
insert into db_uniprotec.cursos_instructores values(54, 2);
insert into db_uniprotec.cursos_instructores values(55, 1);
insert into db_uniprotec.cursos_instructores values(55, 2);
insert into db_uniprotec.cursos_instructores values(55, 3);
insert into db_uniprotec.cursos_instructores values(55, 4);
insert into db_uniprotec.cursos_instructores values(55, 5);
insert into db_uniprotec.cursos_instructores values(55, 6);
insert into db_uniprotec.cursos_instructores values(55, 7);
insert into db_uniprotec.cursos_instructores values(55, 8);
insert into db_uniprotec.cursos_instructores values(55, 9);
insert into db_uniprotec.cursos_instructores values(55, 10);
insert into db_uniprotec.cursos_instructores values(55, 11);
insert into db_uniprotec.cursos_instructores values(55, 13);
insert into db_uniprotec.cursos_instructores values(55, 14);
insert into db_uniprotec.cursos_instructores values(56, 15);
insert into db_uniprotec.cursos_instructores values(57, 15);
insert into db_uniprotec.cursos_instructores values(58, 15);
insert into db_uniprotec.cursos_instructores values(59, 15);
insert into db_uniprotec.cursos_instructores values(60, 15);
insert into db_uniprotec.cursos_instructores values(61, 15);
insert into db_uniprotec.cursos_instructores values(62, 15);
insert into db_uniprotec.cursos_instructores values(63, 15);
insert into db_uniprotec.cursos_instructores values(64, 15);
insert into db_uniprotec.cursos_instructores values(65, 15);
insert into db_uniprotec.cursos_instructores values(66, 15);
insert into db_uniprotec.cursos_instructores values(67, 9);
insert into db_uniprotec.cursos_instructores values(67, 11);
insert into db_uniprotec.cursos_instructores values(67, 13);
insert into db_uniprotec.cursos_instructores values(67, 14);
insert into db_uniprotec.cursos_instructores values(67, 15);
insert into db_uniprotec.cursos_instructores values(68, 9);
insert into db_uniprotec.cursos_instructores values(68, 2);
insert into db_uniprotec.cursos_instructores values(68, 11);
insert into db_uniprotec.cursos_instructores values(68, 13);
insert into db_uniprotec.cursos_instructores values(68, 14);
insert into db_uniprotec.cursos_instructores values(68, 15);
insert into db_uniprotec.cursos_instructores values(69, 9);
insert into db_uniprotec.cursos_instructores values(69, 2);
insert into db_uniprotec.cursos_instructores values(69, 11);
insert into db_uniprotec.cursos_instructores values(69, 13);
insert into db_uniprotec.cursos_instructores values(69, 14);
insert into db_uniprotec.cursos_instructores values(69, 15);
insert into db_uniprotec.cursos_instructores values(70, 2);
insert into db_uniprotec.cursos_instructores values(70, 9);
insert into db_uniprotec.cursos_instructores values(70, 11);
insert into db_uniprotec.cursos_instructores values(70, 13);
insert into db_uniprotec.cursos_instructores values(70, 14);
insert into db_uniprotec.cursos_instructores values(70, 15);
insert into db_uniprotec.cursos_instructores values(71, 9);
insert into db_uniprotec.cursos_instructores values(71, 11);
insert into db_uniprotec.cursos_instructores values(71, 13);
insert into db_uniprotec.cursos_instructores values(71, 14);
insert into db_uniprotec.cursos_instructores values(71, 15);
insert into db_uniprotec.cursos_instructores values(72, 2);
insert into db_uniprotec.cursos_instructores values(72, 9);
insert into db_uniprotec.cursos_instructores values(72, 10);
insert into db_uniprotec.cursos_instructores values(72, 11);
insert into db_uniprotec.cursos_instructores values(72, 13);
insert into db_uniprotec.cursos_instructores values(72, 14);
insert into db_uniprotec.cursos_instructores values(72, 15);
insert into db_uniprotec.cursos_instructores values(73, 2);
insert into db_uniprotec.cursos_instructores values(73, 9);
insert into db_uniprotec.cursos_instructores values(73, 11);
insert into db_uniprotec.cursos_instructores values(73, 13);
insert into db_uniprotec.cursos_instructores values(73, 14);
insert into db_uniprotec.cursos_instructores values(73, 15);
insert into db_uniprotec.cursos_instructores values(74, 15);
insert into db_uniprotec.cursos_instructores values(75, 6);
insert into db_uniprotec.cursos_instructores values(75, 7);
insert into db_uniprotec.cursos_instructores values(75, 15);
insert into db_uniprotec.cursos_instructores values(76, 6);
insert into db_uniprotec.cursos_instructores values(76, 7);
insert into db_uniprotec.cursos_instructores values(76, 15);
insert into db_uniprotec.cursos_instructores values(77, 6);
insert into db_uniprotec.cursos_instructores values(77, 7);
insert into db_uniprotec.cursos_instructores values(77, 14);
insert into db_uniprotec.cursos_instructores values(77, 15);
insert into db_uniprotec.cursos_instructores values(78, 6);
insert into db_uniprotec.cursos_instructores values(78, 7);
insert into db_uniprotec.cursos_instructores values(78, 15);
insert into db_uniprotec.cursos_instructores values(79, 6);
insert into db_uniprotec.cursos_instructores values(79, 7);
insert into db_uniprotec.cursos_instructores values(79, 14);
insert into db_uniprotec.cursos_instructores values(79, 15);
insert into db_uniprotec.cursos_instructores values(80, 6);
insert into db_uniprotec.cursos_instructores values(80, 7);
insert into db_uniprotec.cursos_instructores values(80, 15);
insert into db_uniprotec.cursos_instructores values(81, 6);
insert into db_uniprotec.cursos_instructores values(81, 7);
insert into db_uniprotec.cursos_instructores values(82, 6);
insert into db_uniprotec.cursos_instructores values(82, 7);
insert into db_uniprotec.cursos_instructores values(82, 15);
insert into db_uniprotec.cursos_instructores values(83, 6);
insert into db_uniprotec.cursos_instructores values(83, 7);
insert into db_uniprotec.cursos_instructores values(84, 6);
insert into db_uniprotec.cursos_instructores values(84, 7);
insert into db_uniprotec.cursos_instructores values(85, 6);
insert into db_uniprotec.cursos_instructores values(85, 7);
insert into db_uniprotec.cursos_instructores values(85, 15);
insert into db_uniprotec.cursos_instructores values(86, 6);
insert into db_uniprotec.cursos_instructores values(86, 7);
insert into db_uniprotec.cursos_instructores values(87, 6);
insert into db_uniprotec.cursos_instructores values(87, 7);
insert into db_uniprotec.cursos_instructores values(88, 6);
insert into db_uniprotec.cursos_instructores values(88, 7);
insert into db_uniprotec.cursos_instructores values(89, 6);
insert into db_uniprotec.cursos_instructores values(89, 7);
insert into db_uniprotec.cursos_instructores values(90, 6);
insert into db_uniprotec.cursos_instructores values(90, 7);
insert into db_uniprotec.cursos_instructores values(91, 6);
insert into db_uniprotec.cursos_instructores values(91, 7);
insert into db_uniprotec.cursos_instructores values(92, 6);
insert into db_uniprotec.cursos_instructores values(92, 7);
insert into db_uniprotec.cursos_instructores values(92, 15);



insert into db_uniprotec.instructores_cursos values(1	,"1");
insert into db_uniprotec.instructores_cursos values(1	,"2");
insert into db_uniprotec.instructores_cursos values(1	,"3");
insert into db_uniprotec.instructores_cursos values(1	,"4");
insert into db_uniprotec.instructores_cursos values(1	,"5");
insert into db_uniprotec.instructores_cursos values(1	,"6");
insert into db_uniprotec.instructores_cursos values(1	,"7");
insert into db_uniprotec.instructores_cursos values(1	,"8");
insert into db_uniprotec.instructores_cursos values(1	,"10");
insert into db_uniprotec.instructores_cursos values(1	,"11");
insert into db_uniprotec.instructores_cursos values(1	,"12");
insert into db_uniprotec.instructores_cursos values(1	,"13");
insert into db_uniprotec.instructores_cursos values(1	,"14");
insert into db_uniprotec.instructores_cursos values(1	,"15");
insert into db_uniprotec.instructores_cursos values(1	,"16");
insert into db_uniprotec.instructores_cursos values(1	,"17");
insert into db_uniprotec.instructores_cursos values(1	,"20");
insert into db_uniprotec.instructores_cursos values(1	,"22");
insert into db_uniprotec.instructores_cursos values(1	,"28");
insert into db_uniprotec.instructores_cursos values(1	,"30");
insert into db_uniprotec.instructores_cursos values(1	,"31");
insert into db_uniprotec.instructores_cursos values(1	,"33");
insert into db_uniprotec.instructores_cursos values(1	,"35");
insert into db_uniprotec.instructores_cursos values(1	,"47");
insert into db_uniprotec.instructores_cursos values(1	,"48");
insert into db_uniprotec.instructores_cursos values(1	,"54");

insert into db_uniprotec.instructores_cursos values(2	,"1");
insert into db_uniprotec.instructores_cursos values(2	,"2");
insert into db_uniprotec.instructores_cursos values(2	,"3");
insert into db_uniprotec.instructores_cursos values(2	,"4");
insert into db_uniprotec.instructores_cursos values(2	,"5");
insert into db_uniprotec.instructores_cursos values(2	,"6");
insert into db_uniprotec.instructores_cursos values(2	,"7");
insert into db_uniprotec.instructores_cursos values(2	,"8");
insert into db_uniprotec.instructores_cursos values(2	,"11");
insert into db_uniprotec.instructores_cursos values(2	,"12");
insert into db_uniprotec.instructores_cursos values(2	,"13");
insert into db_uniprotec.instructores_cursos values(2	,"14");
insert into db_uniprotec.instructores_cursos values(2	,"15");
insert into db_uniprotec.instructores_cursos values(2	,"16");
insert into db_uniprotec.instructores_cursos values(2	,"17");
insert into db_uniprotec.instructores_cursos values(2	,"18");
insert into db_uniprotec.instructores_cursos values(2	,"19");
insert into db_uniprotec.instructores_cursos values(2	,"20");
insert into db_uniprotec.instructores_cursos values(2	,"21");
insert into db_uniprotec.instructores_cursos values(2	,"22");
insert into db_uniprotec.instructores_cursos values(2	,"23");
insert into db_uniprotec.instructores_cursos values(2	,"24");
insert into db_uniprotec.instructores_cursos values(2	,"25");
insert into db_uniprotec.instructores_cursos values(2	,"26");
insert into db_uniprotec.instructores_cursos values(2	,"27");
insert into db_uniprotec.instructores_cursos values(2	,"28");
insert into db_uniprotec.instructores_cursos values(2	,"29");
insert into db_uniprotec.instructores_cursos values(2	,"30");
insert into db_uniprotec.instructores_cursos values(2	,"31");
insert into db_uniprotec.instructores_cursos values(2	,"32");
insert into db_uniprotec.instructores_cursos values(2	,"33");
insert into db_uniprotec.instructores_cursos values(2	,"34");
insert into db_uniprotec.instructores_cursos values(2	,"35");
insert into db_uniprotec.instructores_cursos values(2	,"37");
insert into db_uniprotec.instructores_cursos values(2	,"38");
insert into db_uniprotec.instructores_cursos values(2	,"39");
insert into db_uniprotec.instructores_cursos values(2	,"40");
insert into db_uniprotec.instructores_cursos values(2	,"41");
insert into db_uniprotec.instructores_cursos values(2	,"42");
insert into db_uniprotec.instructores_cursos values(2	,"43");
insert into db_uniprotec.instructores_cursos values(2	,"44");
insert into db_uniprotec.instructores_cursos values(2	,"45");
insert into db_uniprotec.instructores_cursos values(2	,"47");
insert into db_uniprotec.instructores_cursos values(2	,"48");
insert into db_uniprotec.instructores_cursos values(2	,"49");
insert into db_uniprotec.instructores_cursos values(2	,"50");
insert into db_uniprotec.instructores_cursos values(2	,"51");
insert into db_uniprotec.instructores_cursos values(2	,"52");
insert into db_uniprotec.instructores_cursos values(2	,"53");
insert into db_uniprotec.instructores_cursos values(2	,"54");
insert into db_uniprotec.instructores_cursos values(2	,"73");

insert into db_uniprotec.instructores_cursos values(3	,"2");
insert into db_uniprotec.instructores_cursos values(3	,"11");
insert into db_uniprotec.instructores_cursos values(3	,"13");
insert into db_uniprotec.instructores_cursos values(3	,"22");
insert into db_uniprotec.instructores_cursos values(3	,"54");

insert into db_uniprotec.instructores_cursos values(4	,"1");
insert into db_uniprotec.instructores_cursos values(4	,"2");
insert into db_uniprotec.instructores_cursos values(4	,"3");
insert into db_uniprotec.instructores_cursos values(4	,"4");
insert into db_uniprotec.instructores_cursos values(4	,"5");
insert into db_uniprotec.instructores_cursos values(4	,"6");
insert into db_uniprotec.instructores_cursos values(4	,"7");
insert into db_uniprotec.instructores_cursos values(4	,"8");
insert into db_uniprotec.instructores_cursos values(4	,"11");
insert into db_uniprotec.instructores_cursos values(4	,"12");
insert into db_uniprotec.instructores_cursos values(4	,"13");
insert into db_uniprotec.instructores_cursos values(4	,"14");
insert into db_uniprotec.instructores_cursos values(4	,"15");
insert into db_uniprotec.instructores_cursos values(4	,"16");
insert into db_uniprotec.instructores_cursos values(4	,"17");
insert into db_uniprotec.instructores_cursos values(4	,"20");
insert into db_uniprotec.instructores_cursos values(4	,"22");
insert into db_uniprotec.instructores_cursos values(4	,"28");
insert into db_uniprotec.instructores_cursos values(4	,"30");
insert into db_uniprotec.instructores_cursos values(4	,"31");
insert into db_uniprotec.instructores_cursos values(4	,"33");
insert into db_uniprotec.instructores_cursos values(4	,"35");
insert into db_uniprotec.instructores_cursos values(4	,"43");
insert into db_uniprotec.instructores_cursos values(4	,"47");
insert into db_uniprotec.instructores_cursos values(4	,"48");
insert into db_uniprotec.instructores_cursos values(4	,"51");
insert into db_uniprotec.instructores_cursos values(4	,"54");

insert into db_uniprotec.instructores_cursos values(5	,"1");
insert into db_uniprotec.instructores_cursos values(5	,"2");
insert into db_uniprotec.instructores_cursos values(5	,"3");
insert into db_uniprotec.instructores_cursos values(5	,"4");
insert into db_uniprotec.instructores_cursos values(5	,"5");
insert into db_uniprotec.instructores_cursos values(5	,"6");
insert into db_uniprotec.instructores_cursos values(5	,"7");
insert into db_uniprotec.instructores_cursos values(5	,"8");
insert into db_uniprotec.instructores_cursos values(5	,"9");
insert into db_uniprotec.instructores_cursos values(5	,"11");
insert into db_uniprotec.instructores_cursos values(5	,"12");
insert into db_uniprotec.instructores_cursos values(5	,"13");
insert into db_uniprotec.instructores_cursos values(5	,"14");
insert into db_uniprotec.instructores_cursos values(5	,"15");
insert into db_uniprotec.instructores_cursos values(5	,"16");
insert into db_uniprotec.instructores_cursos values(5	,"17");
insert into db_uniprotec.instructores_cursos values(5	,"18");
insert into db_uniprotec.instructores_cursos values(5	,"19");
insert into db_uniprotec.instructores_cursos values(5	,"20");
insert into db_uniprotec.instructores_cursos values(5	,"22");
insert into db_uniprotec.instructores_cursos values(5	,"23");
insert into db_uniprotec.instructores_cursos values(5	,"25");
insert into db_uniprotec.instructores_cursos values(5	,"26");
insert into db_uniprotec.instructores_cursos values(5	,"27");
insert into db_uniprotec.instructores_cursos values(5	,"28");
insert into db_uniprotec.instructores_cursos values(5	,"29");
insert into db_uniprotec.instructores_cursos values(5	,"30");
insert into db_uniprotec.instructores_cursos values(5	,"31");
insert into db_uniprotec.instructores_cursos values(5	,"32");
insert into db_uniprotec.instructores_cursos values(5	,"33");
insert into db_uniprotec.instructores_cursos values(5	,"35");
insert into db_uniprotec.instructores_cursos values(5	,"37");
insert into db_uniprotec.instructores_cursos values(5	,"40");
insert into db_uniprotec.instructores_cursos values(5	,"43");
insert into db_uniprotec.instructores_cursos values(5	,"47");
insert into db_uniprotec.instructores_cursos values(5	,"48");
insert into db_uniprotec.instructores_cursos values(5	,"54");

insert into db_uniprotec.instructores_cursos values(6	,"36");
insert into db_uniprotec.instructores_cursos values(6	,"51");
insert into db_uniprotec.instructores_cursos values(6	,"54");
insert into db_uniprotec.instructores_cursos values(6	,"76");
insert into db_uniprotec.instructores_cursos values(6	,"77");
insert into db_uniprotec.instructores_cursos values(6	,"78");
insert into db_uniprotec.instructores_cursos values(6	,"79");
insert into db_uniprotec.instructores_cursos values(6	,"80");
insert into db_uniprotec.instructores_cursos values(6	,"81");

insert into db_uniprotec.instructores_cursos values(7	,"36");
insert into db_uniprotec.instructores_cursos values(7	,"54");
insert into db_uniprotec.instructores_cursos values(7	,"76");
insert into db_uniprotec.instructores_cursos values(7	,"77");
insert into db_uniprotec.instructores_cursos values(7	,"78");
insert into db_uniprotec.instructores_cursos values(7	,"79");
insert into db_uniprotec.instructores_cursos values(7	,"80");
insert into db_uniprotec.instructores_cursos values(7	,"81");

insert into db_uniprotec.instructores_cursos values(8	,"1");
insert into db_uniprotec.instructores_cursos values(8	,"2");
insert into db_uniprotec.instructores_cursos values(8	,"3");
insert into db_uniprotec.instructores_cursos values(8	,"4");
insert into db_uniprotec.instructores_cursos values(8	,"5");
insert into db_uniprotec.instructores_cursos values(8	,"6");
insert into db_uniprotec.instructores_cursos values(8	,"7");
insert into db_uniprotec.instructores_cursos values(8	,"8");
insert into db_uniprotec.instructores_cursos values(8	,"9");
insert into db_uniprotec.instructores_cursos values(8	,"11");
insert into db_uniprotec.instructores_cursos values(8	,"12");
insert into db_uniprotec.instructores_cursos values(8	,"13");
insert into db_uniprotec.instructores_cursos values(8	,"15");
insert into db_uniprotec.instructores_cursos values(8	,"17");
insert into db_uniprotec.instructores_cursos values(8	,"20");
insert into db_uniprotec.instructores_cursos values(8	,"22");
insert into db_uniprotec.instructores_cursos values(8	,"31");
insert into db_uniprotec.instructores_cursos values(8	,"35");

insert into db_uniprotec.instructores_cursos values(9	,"17");
insert into db_uniprotec.instructores_cursos values(9	,"18");
insert into db_uniprotec.instructores_cursos values(9	,"19");
insert into db_uniprotec.instructores_cursos values(9	,"20");
insert into db_uniprotec.instructores_cursos values(9	,"21");
insert into db_uniprotec.instructores_cursos values(9	,"22");
insert into db_uniprotec.instructores_cursos values(9	,"23");
insert into db_uniprotec.instructores_cursos values(9	,"24");
insert into db_uniprotec.instructores_cursos values(9	,"29");
insert into db_uniprotec.instructores_cursos values(9	,"30");
insert into db_uniprotec.instructores_cursos values(9	,"31");
insert into db_uniprotec.instructores_cursos values(9	,"32");
insert into db_uniprotec.instructores_cursos values(9	,"33");
insert into db_uniprotec.instructores_cursos values(9	,"34");
insert into db_uniprotec.instructores_cursos values(9	,"38");
insert into db_uniprotec.instructores_cursos values(9	,"39");
insert into db_uniprotec.instructores_cursos values(9	,"40");
insert into db_uniprotec.instructores_cursos values(9	,"41");
insert into db_uniprotec.instructores_cursos values(9	,"42");
insert into db_uniprotec.instructores_cursos values(9	,"43");
insert into db_uniprotec.instructores_cursos values(9	,"46");
insert into db_uniprotec.instructores_cursos values(9	,"48");
insert into db_uniprotec.instructores_cursos values(9	,"54");

insert into db_uniprotec.instructores_cursos values(10	,"1");
insert into db_uniprotec.instructores_cursos values(10	,"2");
insert into db_uniprotec.instructores_cursos values(10	,"3");
insert into db_uniprotec.instructores_cursos values(10	,"4");
insert into db_uniprotec.instructores_cursos values(10	,"5");
insert into db_uniprotec.instructores_cursos values(10	,"6");
insert into db_uniprotec.instructores_cursos values(10	,"7");
insert into db_uniprotec.instructores_cursos values(10	,"8");
insert into db_uniprotec.instructores_cursos values(10	,"11");
insert into db_uniprotec.instructores_cursos values(10	,"12");
insert into db_uniprotec.instructores_cursos values(10	,"13");
insert into db_uniprotec.instructores_cursos values(10	,"14");
insert into db_uniprotec.instructores_cursos values(10	,"15");
insert into db_uniprotec.instructores_cursos values(10	,"16");
insert into db_uniprotec.instructores_cursos values(10	,"17");
insert into db_uniprotec.instructores_cursos values(10	,"18");
insert into db_uniprotec.instructores_cursos values(10	,"19");
insert into db_uniprotec.instructores_cursos values(10	,"20");
insert into db_uniprotec.instructores_cursos values(10	,"21");
insert into db_uniprotec.instructores_cursos values(10	,"22");
insert into db_uniprotec.instructores_cursos values(10	,"23");
insert into db_uniprotec.instructores_cursos values(10	,"24");
insert into db_uniprotec.instructores_cursos values(10	,"30");
insert into db_uniprotec.instructores_cursos values(10	,"31");
insert into db_uniprotec.instructores_cursos values(10	,"33");
insert into db_uniprotec.instructores_cursos values(10	,"34");
insert into db_uniprotec.instructores_cursos values(10	,"35");
insert into db_uniprotec.instructores_cursos values(10	,"37");
insert into db_uniprotec.instructores_cursos values(10	,"40");
insert into db_uniprotec.instructores_cursos values(10	,"41");
insert into db_uniprotec.instructores_cursos values(10	,"42");
insert into db_uniprotec.instructores_cursos values(10	,"44");
insert into db_uniprotec.instructores_cursos values(10	,"47");
insert into db_uniprotec.instructores_cursos values(10	,"48");
insert into db_uniprotec.instructores_cursos values(10	,"54");
insert into db_uniprotec.instructores_cursos values(10	,"68");
insert into db_uniprotec.instructores_cursos values(10	,"69");
insert into db_uniprotec.instructores_cursos values(10	,"70");
insert into db_uniprotec.instructores_cursos values(10	,"71");
insert into db_uniprotec.instructores_cursos values(10	,"72");
insert into db_uniprotec.instructores_cursos values(10	,"73");
insert into db_uniprotec.instructores_cursos values(10	,"74");

insert into db_uniprotec.instructores_cursos values(11	,"15");
insert into db_uniprotec.instructores_cursos values(11	,"16");
insert into db_uniprotec.instructores_cursos values(11	,"17");
insert into db_uniprotec.instructores_cursos values(11	,"18");
insert into db_uniprotec.instructores_cursos values(11	,"19");
insert into db_uniprotec.instructores_cursos values(11	,"20");
insert into db_uniprotec.instructores_cursos values(11	,"21");
insert into db_uniprotec.instructores_cursos values(11	,"22");
insert into db_uniprotec.instructores_cursos values(11	,"23");
insert into db_uniprotec.instructores_cursos values(11	,"24");
insert into db_uniprotec.instructores_cursos values(11	,"25");
insert into db_uniprotec.instructores_cursos values(11	,"26");
insert into db_uniprotec.instructores_cursos values(11	,"27");
insert into db_uniprotec.instructores_cursos values(11	,"28");
insert into db_uniprotec.instructores_cursos values(11	,"29");
insert into db_uniprotec.instructores_cursos values(11	,"30");
insert into db_uniprotec.instructores_cursos values(11	,"34");
insert into db_uniprotec.instructores_cursos values(11	,"35");
insert into db_uniprotec.instructores_cursos values(11	,"37");
insert into db_uniprotec.instructores_cursos values(11	,"38");
insert into db_uniprotec.instructores_cursos values(11	,"39");
insert into db_uniprotec.instructores_cursos values(11	,"40");
insert into db_uniprotec.instructores_cursos values(11	,"41");
insert into db_uniprotec.instructores_cursos values(11	,"42");
insert into db_uniprotec.instructores_cursos values(11	,"43");
insert into db_uniprotec.instructores_cursos values(11	,"44");
insert into db_uniprotec.instructores_cursos values(11	,"46");
insert into db_uniprotec.instructores_cursos values(11	,"47");
insert into db_uniprotec.instructores_cursos values(11	,"48");
insert into db_uniprotec.instructores_cursos values(11	,"50");
insert into db_uniprotec.instructores_cursos values(11	,"51");
insert into db_uniprotec.instructores_cursos values(11	,"54");
insert into db_uniprotec.instructores_cursos values(11	,"68");
insert into db_uniprotec.instructores_cursos values(11	,"69");
insert into db_uniprotec.instructores_cursos values(11	,"70");
insert into db_uniprotec.instructores_cursos values(11	,"71");
insert into db_uniprotec.instructores_cursos values(11	,"72");
insert into db_uniprotec.instructores_cursos values(11	,"73");
insert into db_uniprotec.instructores_cursos values(11	,"74");

insert into db_uniprotec.instructores_cursos values(12	,"1");
insert into db_uniprotec.instructores_cursos values(12	,"2");
insert into db_uniprotec.instructores_cursos values(12	,"3");
insert into db_uniprotec.instructores_cursos values(12	,"4");
insert into db_uniprotec.instructores_cursos values(12	,"5");
insert into db_uniprotec.instructores_cursos values(12	,"6");
insert into db_uniprotec.instructores_cursos values(12	,"7");
insert into db_uniprotec.instructores_cursos values(12	,"8");
insert into db_uniprotec.instructores_cursos values(12	,"11");
insert into db_uniprotec.instructores_cursos values(12	,"12");
insert into db_uniprotec.instructores_cursos values(12	,"13");
insert into db_uniprotec.instructores_cursos values(12	,"14");
insert into db_uniprotec.instructores_cursos values(12	,"15");
insert into db_uniprotec.instructores_cursos values(12	,"16");
insert into db_uniprotec.instructores_cursos values(12	,"17");
insert into db_uniprotec.instructores_cursos values(12	,"18");
insert into db_uniprotec.instructores_cursos values(12	,"19");
insert into db_uniprotec.instructores_cursos values(12	,"20");
insert into db_uniprotec.instructores_cursos values(12	,"21");
insert into db_uniprotec.instructores_cursos values(12	,"22");
insert into db_uniprotec.instructores_cursos values(12	,"23");
insert into db_uniprotec.instructores_cursos values(12	,"24");
insert into db_uniprotec.instructores_cursos values(12	,"25");
insert into db_uniprotec.instructores_cursos values(12	,"26");
insert into db_uniprotec.instructores_cursos values(12	,"27");
insert into db_uniprotec.instructores_cursos values(12	,"29");
insert into db_uniprotec.instructores_cursos values(12	,"30");
insert into db_uniprotec.instructores_cursos values(12	,"31");
insert into db_uniprotec.instructores_cursos values(12	,"32");
insert into db_uniprotec.instructores_cursos values(12	,"33");
insert into db_uniprotec.instructores_cursos values(12	,"34");
insert into db_uniprotec.instructores_cursos values(12	,"35");
insert into db_uniprotec.instructores_cursos values(12	,"39");
insert into db_uniprotec.instructores_cursos values(12	,"44");
insert into db_uniprotec.instructores_cursos values(12	,"45");
insert into db_uniprotec.instructores_cursos values(12	,"47");
insert into db_uniprotec.instructores_cursos values(12	,"48");
insert into db_uniprotec.instructores_cursos values(12	,"51");
insert into db_uniprotec.instructores_cursos values(12	,"54");
insert into db_uniprotec.instructores_cursos values(12	,"68");
insert into db_uniprotec.instructores_cursos values(12	,"69");
insert into db_uniprotec.instructores_cursos values(12	,"70");
insert into db_uniprotec.instructores_cursos values(12	,"71");
insert into db_uniprotec.instructores_cursos values(12	,"72");
insert into db_uniprotec.instructores_cursos values(12	,"73");
insert into db_uniprotec.instructores_cursos values(12	,"74");

insert into db_uniprotec.instructores_cursos values(13	,"1");
insert into db_uniprotec.instructores_cursos values(13	,"2");
insert into db_uniprotec.instructores_cursos values(13	,"3");
insert into db_uniprotec.instructores_cursos values(13	,"4");
insert into db_uniprotec.instructores_cursos values(13	,"5");
insert into db_uniprotec.instructores_cursos values(13	,"7");
insert into db_uniprotec.instructores_cursos values(13	,"8");
insert into db_uniprotec.instructores_cursos values(13	,"11");
insert into db_uniprotec.instructores_cursos values(13	,"12");
insert into db_uniprotec.instructores_cursos values(13	,"13");
insert into db_uniprotec.instructores_cursos values(13	,"17");
insert into db_uniprotec.instructores_cursos values(13	,"20");
insert into db_uniprotec.instructores_cursos values(13	,"31");
insert into db_uniprotec.instructores_cursos values(13	,"35");

insert into db_uniprotec.instructores_cursos values(14	,"1");
insert into db_uniprotec.instructores_cursos values(14	,"2");
insert into db_uniprotec.instructores_cursos values(14	,"3");
insert into db_uniprotec.instructores_cursos values(14	,"4");
insert into db_uniprotec.instructores_cursos values(14	,"5");
insert into db_uniprotec.instructores_cursos values(14	,"6");
insert into db_uniprotec.instructores_cursos values(14	,"7");
insert into db_uniprotec.instructores_cursos values(14	,"8");
insert into db_uniprotec.instructores_cursos values(14	,"11");
insert into db_uniprotec.instructores_cursos values(14	,"12");
insert into db_uniprotec.instructores_cursos values(14	,"13");
insert into db_uniprotec.instructores_cursos values(14	,"14");
insert into db_uniprotec.instructores_cursos values(14	,"15");
insert into db_uniprotec.instructores_cursos values(14	,"16");
insert into db_uniprotec.instructores_cursos values(14	,"17");
insert into db_uniprotec.instructores_cursos values(14	,"18");
insert into db_uniprotec.instructores_cursos values(14	,"19");
insert into db_uniprotec.instructores_cursos values(14	,"20");
insert into db_uniprotec.instructores_cursos values(14	,"21");
insert into db_uniprotec.instructores_cursos values(14	,"22");
insert into db_uniprotec.instructores_cursos values(14	,"23");
insert into db_uniprotec.instructores_cursos values(14	,"24");
insert into db_uniprotec.instructores_cursos values(14	,"25");
insert into db_uniprotec.instructores_cursos values(14	,"26");
insert into db_uniprotec.instructores_cursos values(14	,"27");
insert into db_uniprotec.instructores_cursos values(14	,"28");
insert into db_uniprotec.instructores_cursos values(14	,"29");
insert into db_uniprotec.instructores_cursos values(14	,"30");
insert into db_uniprotec.instructores_cursos values(14	,"31");
insert into db_uniprotec.instructores_cursos values(14	,"32");
insert into db_uniprotec.instructores_cursos values(14	,"33");
insert into db_uniprotec.instructores_cursos values(14	,"34");
insert into db_uniprotec.instructores_cursos values(14	,"35");
insert into db_uniprotec.instructores_cursos values(14	,"38");
insert into db_uniprotec.instructores_cursos values(14	,"39");
insert into db_uniprotec.instructores_cursos values(14	,"40");
insert into db_uniprotec.instructores_cursos values(14	,"41");
insert into db_uniprotec.instructores_cursos values(14	,"42");
insert into db_uniprotec.instructores_cursos values(14	,"45");
insert into db_uniprotec.instructores_cursos values(14	,"46");
insert into db_uniprotec.instructores_cursos values(14	,"47");
insert into db_uniprotec.instructores_cursos values(14	,"48");
insert into db_uniprotec.instructores_cursos values(14	,"50");
insert into db_uniprotec.instructores_cursos values(14	,"51");
insert into db_uniprotec.instructores_cursos values(14	,"54");
insert into db_uniprotec.instructores_cursos values(14	,"68");
insert into db_uniprotec.instructores_cursos values(14	,"69");
insert into db_uniprotec.instructores_cursos values(14	,"70");
insert into db_uniprotec.instructores_cursos values(14	,"71");
insert into db_uniprotec.instructores_cursos values(14	,"72");
insert into db_uniprotec.instructores_cursos values(14	,"73");
insert into db_uniprotec.instructores_cursos values(14	,"74");

insert into db_uniprotec.instructores_cursos values(15	,"1");
insert into db_uniprotec.instructores_cursos values(15	,"2");
insert into db_uniprotec.instructores_cursos values(15	,"3");
insert into db_uniprotec.instructores_cursos values(15	,"4");
insert into db_uniprotec.instructores_cursos values(15	,"5");
insert into db_uniprotec.instructores_cursos values(15	,"6");
insert into db_uniprotec.instructores_cursos values(15	,"7");
insert into db_uniprotec.instructores_cursos values(15	,"8");
insert into db_uniprotec.instructores_cursos values(15	,"11");
insert into db_uniprotec.instructores_cursos values(15	,"12");
insert into db_uniprotec.instructores_cursos values(15	,"13");
insert into db_uniprotec.instructores_cursos values(15	,"14");
insert into db_uniprotec.instructores_cursos values(15	,"15");
insert into db_uniprotec.instructores_cursos values(15	,"16");
insert into db_uniprotec.instructores_cursos values(15	,"17");
insert into db_uniprotec.instructores_cursos values(15	,"18");
insert into db_uniprotec.instructores_cursos values(15	,"19");
insert into db_uniprotec.instructores_cursos values(15	,"20");
insert into db_uniprotec.instructores_cursos values(15	,"21");
insert into db_uniprotec.instructores_cursos values(15	,"22");
insert into db_uniprotec.instructores_cursos values(15	,"23");
insert into db_uniprotec.instructores_cursos values(15	,"24");
insert into db_uniprotec.instructores_cursos values(15	,"28");
insert into db_uniprotec.instructores_cursos values(15	,"29");
insert into db_uniprotec.instructores_cursos values(15	,"30");
insert into db_uniprotec.instructores_cursos values(15	,"31");
insert into db_uniprotec.instructores_cursos values(15	,"32");
insert into db_uniprotec.instructores_cursos values(15	,"33");
insert into db_uniprotec.instructores_cursos values(15	,"34");
insert into db_uniprotec.instructores_cursos values(15	,"35");
insert into db_uniprotec.instructores_cursos values(15	,"37");
insert into db_uniprotec.instructores_cursos values(15	,"40");
insert into db_uniprotec.instructores_cursos values(15	,"41");
insert into db_uniprotec.instructores_cursos values(15	,"42");
insert into db_uniprotec.instructores_cursos values(15	,"43");
insert into db_uniprotec.instructores_cursos values(15	,"44");
insert into db_uniprotec.instructores_cursos values(15	,"46");
insert into db_uniprotec.instructores_cursos values(15	,"47");
insert into db_uniprotec.instructores_cursos values(15	,"48");
insert into db_uniprotec.instructores_cursos values(15	,"54");
insert into db_uniprotec.instructores_cursos values(15	,"68");
insert into db_uniprotec.instructores_cursos values(15	,"69");
insert into db_uniprotec.instructores_cursos values(15	,"70");
insert into db_uniprotec.instructores_cursos values(15	,"71");
insert into db_uniprotec.instructores_cursos values(15	,"72");
insert into db_uniprotec.instructores_cursos values(15	,"73");
insert into db_uniprotec.instructores_cursos values(15	,"74");
insert into db_uniprotec.instructores_cursos values(15	,"78");
insert into db_uniprotec.instructores_cursos values(15	,"80");
