/* Populate tabla clientes */

INSERT INTO db_springboot_backend.regiones (id, name) VALUES (1, 'Queretaro');
INSERT INTO db_springboot_backend.regiones (id, name) VALUES (2, 'Leon');
INSERT INTO db_springboot_backend.regiones (id, name) VALUES (3, 'Guanajuato');
INSERT INTO db_springboot_backend.regiones (id, name) VALUES (4, 'Irapuato');
INSERT INTO db_springboot_backend.regiones (id, name) VALUES (5, 'Celaya');
INSERT INTO db_springboot_backend.regiones (id, name) VALUES (6, 'CDMX');
INSERT INTO db_springboot_backend.regiones (id, name) VALUES (7, 'San Luis Potosi');
INSERT INTO db_springboot_backend.regiones (id, name) VALUES (8, 'Guadalajara');

INSERT INTO db_springboot_backend.clientes (region_id, name, apellido, email, create_at) VALUES(1, 'John', 'Lennon', 'profesor@gmail.com', '2018-01-01');
INSERT INTO db_springboot_backend.clientes (region_id, name, apellido, email, create_at) VALUES(2, 'Mr. John', 'Doe', 'john.doe@gmail.com', '2018-01-02');
INSERT INTO db_springboot_backend.clientes (region_id, name, apellido, email, create_at) VALUES(4, 'Linus', 'Torvalds', 'linus.torvalds@gmail.com', '2018-01-03');
INSERT INTO db_springboot_backend.clientes (region_id, name, apellido, email, create_at) VALUES(4, 'Rasmus', 'Lerdorf', 'rasmus.lerdorf@gmail.com', '2018-01-04');
INSERT INTO db_springboot_backend.clientes (region_id, name, apellido, email, create_at) VALUES(4, 'Erich', 'Gamma', 'erich.gamma@gmail.com', '2018-02-01');
INSERT INTO db_springboot_backend.clientes (region_id, name, apellido, email, create_at) VALUES(3, 'Richard', 'Helm', 'richard.helm@gmail.com', '2018-02-10');
INSERT INTO db_springboot_backend.clientes (region_id, name, apellido, email, create_at) VALUES(3, 'Ralph', 'Johnson', 'ralph.johnson@gmail.com', '2018-02-18');
INSERT INTO db_springboot_backend.clientes (region_id, name, apellido, email, create_at) VALUES(3, 'John', 'Vlissides', 'john.vlissides@gmail.com', '2018-02-28');
INSERT INTO db_springboot_backend.clientes (region_id, name, apellido, email, create_at) VALUES(3, 'Dr. James', 'Gosling', 'james.gosling@gmail.com', '2018-03-03');
INSERT INTO db_springboot_backend.clientes (region_id, name, apellido, email, create_at) VALUES(5, 'Magma', 'Lee', 'magma.lee@gmail.com', '2018-03-04');
INSERT INTO db_springboot_backend.clientes (region_id, name, apellido, email, create_at) VALUES(6, 'Tornado', 'Roe', 'tornado.roe@gmail.com', '2018-03-05');
INSERT INTO db_springboot_backend.clientes (region_id, name, apellido, email, create_at) VALUES(7, 'Jade', 'Doe', 'jane.doe@gmail.com', '2018-03-06');

/* Creamos algunos usuarios con sus roles */
INSERT INTO db_springboot_backend.usuarios (username, password, enabled, name, apellido, email) VALUES ('olivier','$2a$10$C3Uln5uqnzx/GswADURJGOIdBqYrly9731fnwKDaUdBkt/M3qvtLq',1, 'Olivier', 'Sanchez','profesor@gmail.com');
INSERT INTO db_springboot_backend.usuarios (username, password, enabled, name, apellido, email) VALUES ('admin','$2a$10$RmdEsvEfhI7Rcm9f/uZXPebZVCcPC7ZXZwV51efAvMAp1rIaRAfPK',1, 'Admin', 'Uno','jhon.doe@gmail.com');

INSERT INTO db_springboot_backend.roles (name) VALUES ('ROLE_USER');
INSERT INTO db_springboot_backend.roles (name) VALUES ('ROLE_ADMIN');

INSERT INTO db_springboot_backend.modulos (name) VALUES ('ADMINISTRACION');
INSERT INTO db_springboot_backend.modulos (name) VALUES ('AGENDA');
INSERT INTO db_springboot_backend.modulos (name) VALUES ('LOGISTICA');
INSERT INTO db_springboot_backend.modulos (name) VALUES ('USUARIOS');

insert into db_springboot_backend.submodules values(1	,"Asignación");
insert into db_springboot_backend.submodules values(2	,"Modificación");
insert into db_springboot_backend.submodules values(3	,"Logistica");
insert into db_springboot_backend.submodules values(4	,"Clientes");
insert into db_springboot_backend.submodules values(5	,"Usuarios");
insert into db_springboot_backend.submodules values(6	,"Instructores");
insert into db_springboot_backend.submodules values(7	,"Cursos");

INSERT INTO db_springboot_backend.instructores (name) VALUES ('Ing. Javier Castillo');
INSERT INTO db_springboot_backend.instructores (name) VALUES ('Ing. Cesar Vazquez');
INSERT INTO db_springboot_backend.instructores (name) VALUES ('Ing. Carlos Dominguez');
INSERT INTO db_springboot_backend.instructores (name) VALUES ('Ing. Antonio Gomez');
INSERT INTO db_springboot_backend.instructores (name) VALUES ('Ing. Gerardo Moreno');
INSERT INTO db_springboot_backend.instructores (name) VALUES ('Lic. Mayra Padron');
INSERT INTO db_springboot_backend.instructores (name) VALUES ('Lic. Alejandra Campos');
INSERT INTO db_springboot_backend.instructores (name) VALUES ('Ing. Alberto Zuñiga');
INSERT INTO db_springboot_backend.instructores (name) VALUES ('Ing. Paola Govea');
INSERT INTO db_springboot_backend.instructores (name) VALUES ('Ing. Ricardo Velazquez');
INSERT INTO db_springboot_backend.instructores (name) VALUES ('Ing. Diana Vazquez');
INSERT INTO db_springboot_backend.instructores (name) VALUES ('Ing. Ramon Noriega');
INSERT INTO db_springboot_backend.instructores (name) VALUES ('Ing. Fernando Mares');
INSERT INTO db_springboot_backend.instructores (name) VALUES ('Ing. Maximino Garcia');
INSERT INTO db_springboot_backend.instructores (name) VALUES ('Ing. Rafael Cebada');
INSERT INTO db_springboot_backend.instructores (name) VALUES ('Externo');

INSERT INTO db_springboot_backend.cursos (name) VALUES ('OPERADOR DE MONTACARGAS');
INSERT INTO db_springboot_backend.cursos (name) VALUES ('OPERADOR DE MONTACARGAS (ORDER PICKER)');
INSERT INTO db_springboot_backend.cursos (name) VALUES ('OPERADOR DE GRUAS VIAJERAS Y POLIPASTOS');
INSERT INTO db_springboot_backend.cursos (name) VALUES ('OPERADOR DE GRUAS VIAJERAS');
INSERT INTO db_springboot_backend.cursos (name) VALUES ('OPERADOR DE POLIPASTOS');
INSERT INTO db_springboot_backend.cursos (name) VALUES ('OPERADOR DE GRUA MOVIL');
INSERT INTO db_springboot_backend.cursos (name) VALUES ('OPERADOR DE PATIN ELECTRICO');
INSERT INTO db_springboot_backend.cursos (name) VALUES ('OPERADOR DE PATIN HIDRAULICO');
INSERT INTO db_springboot_backend.cursos (name) VALUES ('OPERADOR DE PLATAFORMA (COLCHON DE AIRE)');
INSERT INTO db_springboot_backend.cursos (name) VALUES ('OPERADOR DE PATIN (MOVER TRUCK)');
INSERT INTO db_springboot_backend.cursos (name) VALUES ('OPERADOR DE TRACTOR REMOLQUE CLASE VI (TUGGER)');
INSERT INTO db_springboot_backend.cursos (name) VALUES ('OPERADOR DE PLATAFORMA ELEVADORA');
INSERT INTO db_springboot_backend.cursos (name) VALUES ('OPERADOR DE EQUIPO MOVIL TODO TERRENO (POLARIS)');
INSERT INTO db_springboot_backend.cursos (name) VALUES ('PLAN DE IZAJE');
INSERT INTO db_springboot_backend.cursos (name) VALUES ('SEGURIDAD EN EL MANEJO DE MAQUINARIA, EQUIPO Y HERRAMIENTAS NOM-004-STPS');
INSERT INTO db_springboot_backend.cursos (name) VALUES ('MANEJO Y ALMACENAMIENTO DE MATERIALES NOM-006-STPS');
INSERT INTO db_springboot_backend.cursos (name) VALUES ('BLOQUEO DE ENERGIA LOTO');
INSERT INTO db_springboot_backend.cursos (name) VALUES ('MANEJO DE SUSTANCIAS QUIMICAS ');
INSERT INTO db_springboot_backend.cursos (name) VALUES ('MANEJO DE RESIDUOS PELIGROSOS');
INSERT INTO db_springboot_backend.cursos (name) VALUES ('SEGURIDAD EN TRABAJOS EN ALTURA NOM 009 STPS');
INSERT INTO db_springboot_backend.cursos (name) VALUES ('CONDICIONES DE RUIDO EN LOS CENTROS DE TRABAJO NOM 011 STPS');
INSERT INTO db_springboot_backend.cursos (name) VALUES ('EQUIPO DE PROTECCION PERSONAL EPP NOM 017 STPS');
INSERT INTO db_springboot_backend.cursos (name) VALUES ('SGA SISTEMA GLOBALMENTE ARMONIZADO NOM 018 STPS');
INSERT INTO db_springboot_backend.cursos (name) VALUES ('COMISION DE SEGURIDAD E HIGIENE NOM 019 STPS');
INSERT INTO db_springboot_backend.cursos (name) VALUES ('OPERADOR DE RECIPIENTES SUJETOS A PRESION NOM 020 STPS');
INSERT INTO db_springboot_backend.cursos (name) VALUES ('OPERACIÓN SEGURA Y FUNCIONAMIENTO DE CALDERAS NOM 020 STPS');
INSERT INTO db_springboot_backend.cursos (name) VALUES ('OPERADOR DE RECIPIENTES SUJETOS A PRESION Y CALDERAS NOM 020 STPS');
INSERT INTO db_springboot_backend.cursos (name) VALUES ('ELECTRICIDAD ESTATICA EN LOS CENTROS DE TRABAJO CONDICIONES DE SEGURIDAD NOM- 022-STPS-2015 ');
INSERT INTO db_springboot_backend.cursos (name) VALUES ('CONDICIONES DE ILUMINACION EN LOS CENTROS DE TRABAJO NOM 025 STPS');
INSERT INTO db_springboot_backend.cursos (name) VALUES ('INTERPRETACION DE LOS ELEMENTOS DE SEÑALIZACION NOM 026 STPS');
INSERT INTO db_springboot_backend.cursos (name) VALUES ('SEGURIDAD EN CORTE Y SOLDADURA NOM 027-STPS');
INSERT INTO db_springboot_backend.cursos (name) VALUES ('PROCESOS Y EQUIPOS CRITICOS QUE MANEJAN SUSTANCIAS QUIMICAS NOM 028 STPS');
INSERT INTO db_springboot_backend.cursos (name) VALUES ('SEGURIDAD EN MANTENIMIENTO A INSTALACIONES ELECTRICAS NOM 029 STPS');
INSERT INTO db_springboot_backend.cursos (name) VALUES ('SERVICIOS DE SEGURIDAD Y SALUD EN EL TRABAJO NOM-030-STPS ');
INSERT INTO db_springboot_backend.cursos (name) VALUES ('SEGURIDAD EN TRABAJOS EN ESPACIOS CONFINADOS NOM-033-STPS-2015');
INSERT INTO db_springboot_backend.cursos (name) VALUES ('FACTORES DE RIESGOS PSICOSOCIALES EN EL TRABAJO, IDENTIFICACION, ANALISIS Y PREVENCION NOM-035-STPS-2018');
INSERT INTO db_springboot_backend.cursos (name) VALUES ('MANEJO DEFENSIVO');
INSERT INTO db_springboot_backend.cursos (name) VALUES ('LEGISLACION AMBIENTAL');
INSERT INTO db_springboot_backend.cursos (name) VALUES ('LEGISLACION, SEGURIDAD HIGIENE Y OCUPACIONAL');
INSERT INTO db_springboot_backend.cursos (name) VALUES ('IDENTIDIFICACION DE PELIGROS Y EVALUACION DE RIESGO');
INSERT INTO db_springboot_backend.cursos (name) VALUES ('INVESTIGACION DE ACCIDENTES E INCIDENTES');
INSERT INTO db_springboot_backend.cursos (name) VALUES ('ANALISIS DE CAUSA RAIZ Y DETERMINACION DE PLANES DE ACCION');
INSERT INTO db_springboot_backend.cursos (name) VALUES ('FACTORES DE RIESGO ERGONOMICO NOM-036-STPS ');
INSERT INTO db_springboot_backend.cursos (name) VALUES ('SALUD OCUPACIONAL (ATMOSFERAS EXPLOSIVAS ATEX)');
INSERT INTO db_springboot_backend.cursos (name) VALUES ('MANEJO DE GAS NATURAL GAS LP');
INSERT INTO db_springboot_backend.cursos (name) VALUES ('FORMACION DE SUPERVISORES');
INSERT INTO db_springboot_backend.cursos (name) VALUES ('TRABAJO EN CALIENTE');
INSERT INTO db_springboot_backend.cursos (name) VALUES ('CUIDADO DE LAS MANOS');
INSERT INTO db_springboot_backend.cursos (name) VALUES ('SEGURIDAD EN EL MANEJO DE HORNOS');
INSERT INTO db_springboot_backend.cursos (name) VALUES ('MANTENIMIENTO A PLANTAS DE TRATAMIENTO DE AGUAS RESIDUALES');
INSERT INTO db_springboot_backend.cursos (name) VALUES ('8 DS');
INSERT INTO db_springboot_backend.cursos (name) VALUES ('SIX SIGMA ');
INSERT INTO db_springboot_backend.cursos (name) VALUES ('MANTENIMIENTO PRODUCTIVO TOTAL (TPM LEAN MANUFACTURING)');
INSERT INTO db_springboot_backend.cursos (name) VALUES ('LAS 5S');
INSERT INTO db_springboot_backend.cursos (name) VALUES ('PROCESOS DE SOLDADURA ');
INSERT INTO db_springboot_backend.cursos (name) VALUES ('PLC ');
INSERT INTO db_springboot_backend.cursos (name) VALUES ('INTSTRUMENTOS DE MEDICION');
INSERT INTO db_springboot_backend.cursos (name) VALUES ('MAQUINAS Y HERRAMIENTAS');
INSERT INTO db_springboot_backend.cursos (name) VALUES ('ELECTRICIDAD INDUSTRIAL');
INSERT INTO db_springboot_backend.cursos (name) VALUES ('MANTENIMIENTO A SUBESTACIONES ELECTRICAS');
INSERT INTO db_springboot_backend.cursos (name) VALUES ('ELECTRONICA INDUSTRIAL');
INSERT INTO db_springboot_backend.cursos (name) VALUES ('NEUMATICA');
INSERT INTO db_springboot_backend.cursos (name) VALUES ('HIDRAULICA');
INSERT INTO db_springboot_backend.cursos (name) VALUES ('ELECTRO NEUMATICA');
INSERT INTO db_springboot_backend.cursos (name) VALUES ('SISTEMAS DE TIERRA Y PARARRAYOS');
INSERT INTO db_springboot_backend.cursos (name) VALUES ('AIRE ACONDICIONADO');
INSERT INTO db_springboot_backend.cursos (name) VALUES ('CONTROL DE MOTORES CONTROL ELECTRICO');
INSERT INTO db_springboot_backend.cursos (name) VALUES ('FORMACION DE BRIGADA DE COMBATE CONTRA INCENDIO');
INSERT INTO db_springboot_backend.cursos (name) VALUES ('MANEJO DE EXTINTORES');
INSERT INTO db_springboot_backend.cursos (name) VALUES ('FORMACION DE BRIGADA DE PRIMEROS AUXILIOS');
INSERT INTO db_springboot_backend.cursos (name) VALUES ('FORMACION DE BRIGADA DE COMUNICACION, EVACUACION Y RESCATE');
INSERT INTO db_springboot_backend.cursos (name) VALUES ('COMUNICACIÓN SCI');
INSERT INTO db_springboot_backend.cursos (name) VALUES ('RESPUESTA A EMERRGENCIA DERRAMES');
INSERT INTO db_springboot_backend.cursos (name) VALUES ('BRIGADA MULTIFUNCIONAL');
INSERT INTO db_springboot_backend.cursos (name) VALUES ('RESCATE EN ALTURAS Y ESPACIOS CONFINADOS');
INSERT INTO db_springboot_backend.cursos (name) VALUES ('FORMACION DE INSTRUCTORES');
INSERT INTO db_springboot_backend.cursos (name) VALUES ('HABITOS DE LA GENTE EFECTIVA');
INSERT INTO db_springboot_backend.cursos (name) VALUES ('COMUNICACIÓN EFECTIVA');
INSERT INTO db_springboot_backend.cursos (name) VALUES ('MOTIVACION');
INSERT INTO db_springboot_backend.cursos (name) VALUES ('TRABAJO EN EQUIPO');
INSERT INTO db_springboot_backend.cursos (name) VALUES ('LIDERAZGO');


INSERT INTO db_springboot_backend.usuarios_roles (usuario_id, role_id) VALUES (1, 1);
INSERT INTO db_springboot_backend.usuarios_roles (usuario_id, role_id) VALUES (2, 2);
INSERT INTO db_springboot_backend.usuarios_roles (usuario_id, role_id) VALUES (2, 1);

INSERT INTO db_springboot_backend.usuarios_modulos (usuario_id, modulo_id) VALUES (1,1);
INSERT INTO db_springboot_backend.usuarios_modulos (usuario_id, modulo_id) VALUES (1,2);
INSERT INTO db_springboot_backend.usuarios_modulos (usuario_id, modulo_id) VALUES (1,3);
INSERT INTO db_springboot_backend.usuarios_modulos (usuario_id, modulo_id) VALUES (2,1);
INSERT INTO db_springboot_backend.usuarios_modulos (usuario_id, modulo_id) VALUES (2,2);

INSERT INTO db_springboot_backend.modulos_submodulos (modulo_id, submodule_id) VALUES (1,4);
INSERT INTO db_springboot_backend.modulos_submodulos (modulo_id, submodule_id) VALUES (1,5);
INSERT INTO db_springboot_backend.modulos_submodulos (modulo_id, submodule_id) VALUES (1,6);
INSERT INTO db_springboot_backend.modulos_submodulos (modulo_id, submodule_id) VALUES (2,1);
INSERT INTO db_springboot_backend.modulos_submodulos (modulo_id, submodule_id) VALUES (2,2);

insert into db_springboot_backend.instructores_cursos values(1	,"1");
insert into db_springboot_backend.instructores_cursos values(1	,"2");
insert into db_springboot_backend.instructores_cursos values(1	,"3");
insert into db_springboot_backend.instructores_cursos values(1	,"4");
insert into db_springboot_backend.instructores_cursos values(1	,"5");
insert into db_springboot_backend.instructores_cursos values(1	,"6");
insert into db_springboot_backend.instructores_cursos values(1	,"7");
insert into db_springboot_backend.instructores_cursos values(1	,"8");
insert into db_springboot_backend.instructores_cursos values(1	,"10");
insert into db_springboot_backend.instructores_cursos values(1	,"11");
insert into db_springboot_backend.instructores_cursos values(1	,"12");
insert into db_springboot_backend.instructores_cursos values(1	,"13");
insert into db_springboot_backend.instructores_cursos values(1	,"14");
insert into db_springboot_backend.instructores_cursos values(1	,"15");
insert into db_springboot_backend.instructores_cursos values(1	,"16");
insert into db_springboot_backend.instructores_cursos values(1	,"17");
insert into db_springboot_backend.instructores_cursos values(1	,"20");
insert into db_springboot_backend.instructores_cursos values(1	,"22");
insert into db_springboot_backend.instructores_cursos values(1	,"28");
insert into db_springboot_backend.instructores_cursos values(1	,"30");
insert into db_springboot_backend.instructores_cursos values(1	,"31");
insert into db_springboot_backend.instructores_cursos values(1	,"33");
insert into db_springboot_backend.instructores_cursos values(1	,"35");
insert into db_springboot_backend.instructores_cursos values(1	,"47");
insert into db_springboot_backend.instructores_cursos values(1	,"48");
insert into db_springboot_backend.instructores_cursos values(1	,"54");

insert into db_springboot_backend.instructores_cursos values(2	,"1");
insert into db_springboot_backend.instructores_cursos values(2	,"2");
insert into db_springboot_backend.instructores_cursos values(2	,"3");
insert into db_springboot_backend.instructores_cursos values(2	,"4");
insert into db_springboot_backend.instructores_cursos values(2	,"5");
insert into db_springboot_backend.instructores_cursos values(2	,"6");
insert into db_springboot_backend.instructores_cursos values(2	,"7");
insert into db_springboot_backend.instructores_cursos values(2	,"8");
insert into db_springboot_backend.instructores_cursos values(2	,"11");
insert into db_springboot_backend.instructores_cursos values(2	,"12");
insert into db_springboot_backend.instructores_cursos values(2	,"13");
insert into db_springboot_backend.instructores_cursos values(2	,"14");
insert into db_springboot_backend.instructores_cursos values(2	,"15");
insert into db_springboot_backend.instructores_cursos values(2	,"16");
insert into db_springboot_backend.instructores_cursos values(2	,"17");
insert into db_springboot_backend.instructores_cursos values(2	,"18");
insert into db_springboot_backend.instructores_cursos values(2	,"19");
insert into db_springboot_backend.instructores_cursos values(2	,"20");
insert into db_springboot_backend.instructores_cursos values(2	,"21");
insert into db_springboot_backend.instructores_cursos values(2	,"22");
insert into db_springboot_backend.instructores_cursos values(2	,"23");
insert into db_springboot_backend.instructores_cursos values(2	,"24");
insert into db_springboot_backend.instructores_cursos values(2	,"25");
insert into db_springboot_backend.instructores_cursos values(2	,"26");
insert into db_springboot_backend.instructores_cursos values(2	,"27");
insert into db_springboot_backend.instructores_cursos values(2	,"28");
insert into db_springboot_backend.instructores_cursos values(2	,"29");
insert into db_springboot_backend.instructores_cursos values(2	,"30");
insert into db_springboot_backend.instructores_cursos values(2	,"31");
insert into db_springboot_backend.instructores_cursos values(2	,"32");
insert into db_springboot_backend.instructores_cursos values(2	,"33");
insert into db_springboot_backend.instructores_cursos values(2	,"34");
insert into db_springboot_backend.instructores_cursos values(2	,"35");
insert into db_springboot_backend.instructores_cursos values(2	,"37");
insert into db_springboot_backend.instructores_cursos values(2	,"38");
insert into db_springboot_backend.instructores_cursos values(2	,"39");
insert into db_springboot_backend.instructores_cursos values(2	,"40");
insert into db_springboot_backend.instructores_cursos values(2	,"41");
insert into db_springboot_backend.instructores_cursos values(2	,"42");
insert into db_springboot_backend.instructores_cursos values(2	,"43");
insert into db_springboot_backend.instructores_cursos values(2	,"44");
insert into db_springboot_backend.instructores_cursos values(2	,"45");
insert into db_springboot_backend.instructores_cursos values(2	,"47");
insert into db_springboot_backend.instructores_cursos values(2	,"48");
insert into db_springboot_backend.instructores_cursos values(2	,"49");
insert into db_springboot_backend.instructores_cursos values(2	,"50");
insert into db_springboot_backend.instructores_cursos values(2	,"51");
insert into db_springboot_backend.instructores_cursos values(2	,"52");
insert into db_springboot_backend.instructores_cursos values(2	,"53");
insert into db_springboot_backend.instructores_cursos values(2	,"54");
insert into db_springboot_backend.instructores_cursos values(2	,"73");

insert into db_springboot_backend.instructores_cursos values(3	,"2");
insert into db_springboot_backend.instructores_cursos values(3	,"11");
insert into db_springboot_backend.instructores_cursos values(3	,"13");
insert into db_springboot_backend.instructores_cursos values(3	,"22");
insert into db_springboot_backend.instructores_cursos values(3	,"54");

insert into db_springboot_backend.instructores_cursos values(4	,"1");
insert into db_springboot_backend.instructores_cursos values(4	,"2");
insert into db_springboot_backend.instructores_cursos values(4	,"3");
insert into db_springboot_backend.instructores_cursos values(4	,"4");
insert into db_springboot_backend.instructores_cursos values(4	,"5");
insert into db_springboot_backend.instructores_cursos values(4	,"6");
insert into db_springboot_backend.instructores_cursos values(4	,"7");
insert into db_springboot_backend.instructores_cursos values(4	,"8");
insert into db_springboot_backend.instructores_cursos values(4	,"11");
insert into db_springboot_backend.instructores_cursos values(4	,"12");
insert into db_springboot_backend.instructores_cursos values(4	,"13");
insert into db_springboot_backend.instructores_cursos values(4	,"14");
insert into db_springboot_backend.instructores_cursos values(4	,"15");
insert into db_springboot_backend.instructores_cursos values(4	,"16");
insert into db_springboot_backend.instructores_cursos values(4	,"17");
insert into db_springboot_backend.instructores_cursos values(4	,"20");
insert into db_springboot_backend.instructores_cursos values(4	,"22");
insert into db_springboot_backend.instructores_cursos values(4	,"28");
insert into db_springboot_backend.instructores_cursos values(4	,"30");
insert into db_springboot_backend.instructores_cursos values(4	,"31");
insert into db_springboot_backend.instructores_cursos values(4	,"33");
insert into db_springboot_backend.instructores_cursos values(4	,"35");
insert into db_springboot_backend.instructores_cursos values(4	,"43");
insert into db_springboot_backend.instructores_cursos values(4	,"47");
insert into db_springboot_backend.instructores_cursos values(4	,"48");
insert into db_springboot_backend.instructores_cursos values(4	,"51");
insert into db_springboot_backend.instructores_cursos values(4	,"54");

insert into db_springboot_backend.instructores_cursos values(5	,"1");
insert into db_springboot_backend.instructores_cursos values(5	,"2");
insert into db_springboot_backend.instructores_cursos values(5	,"3");
insert into db_springboot_backend.instructores_cursos values(5	,"4");
insert into db_springboot_backend.instructores_cursos values(5	,"5");
insert into db_springboot_backend.instructores_cursos values(5	,"6");
insert into db_springboot_backend.instructores_cursos values(5	,"7");
insert into db_springboot_backend.instructores_cursos values(5	,"8");
insert into db_springboot_backend.instructores_cursos values(5	,"9");
insert into db_springboot_backend.instructores_cursos values(5	,"11");
insert into db_springboot_backend.instructores_cursos values(5	,"12");
insert into db_springboot_backend.instructores_cursos values(5	,"13");
insert into db_springboot_backend.instructores_cursos values(5	,"14");
insert into db_springboot_backend.instructores_cursos values(5	,"15");
insert into db_springboot_backend.instructores_cursos values(5	,"16");
insert into db_springboot_backend.instructores_cursos values(5	,"17");
insert into db_springboot_backend.instructores_cursos values(5	,"18");
insert into db_springboot_backend.instructores_cursos values(5	,"19");
insert into db_springboot_backend.instructores_cursos values(5	,"20");
insert into db_springboot_backend.instructores_cursos values(5	,"22");
insert into db_springboot_backend.instructores_cursos values(5	,"23");
insert into db_springboot_backend.instructores_cursos values(5	,"25");
insert into db_springboot_backend.instructores_cursos values(5	,"26");
insert into db_springboot_backend.instructores_cursos values(5	,"27");
insert into db_springboot_backend.instructores_cursos values(5	,"28");
insert into db_springboot_backend.instructores_cursos values(5	,"29");
insert into db_springboot_backend.instructores_cursos values(5	,"30");
insert into db_springboot_backend.instructores_cursos values(5	,"31");
insert into db_springboot_backend.instructores_cursos values(5	,"32");
insert into db_springboot_backend.instructores_cursos values(5	,"33");
insert into db_springboot_backend.instructores_cursos values(5	,"35");
insert into db_springboot_backend.instructores_cursos values(5	,"37");
insert into db_springboot_backend.instructores_cursos values(5	,"40");
insert into db_springboot_backend.instructores_cursos values(5	,"43");
insert into db_springboot_backend.instructores_cursos values(5	,"47");
insert into db_springboot_backend.instructores_cursos values(5	,"48");
insert into db_springboot_backend.instructores_cursos values(5	,"54");

insert into db_springboot_backend.instructores_cursos values(6	,"36");
insert into db_springboot_backend.instructores_cursos values(6	,"51");
insert into db_springboot_backend.instructores_cursos values(6	,"54");
insert into db_springboot_backend.instructores_cursos values(6	,"76");
insert into db_springboot_backend.instructores_cursos values(6	,"77");
insert into db_springboot_backend.instructores_cursos values(6	,"78");
insert into db_springboot_backend.instructores_cursos values(6	,"79");
insert into db_springboot_backend.instructores_cursos values(6	,"80");
insert into db_springboot_backend.instructores_cursos values(6	,"81");

insert into db_springboot_backend.instructores_cursos values(7	,"36");
insert into db_springboot_backend.instructores_cursos values(7	,"54");
insert into db_springboot_backend.instructores_cursos values(7	,"76");
insert into db_springboot_backend.instructores_cursos values(7	,"77");
insert into db_springboot_backend.instructores_cursos values(7	,"78");
insert into db_springboot_backend.instructores_cursos values(7	,"79");
insert into db_springboot_backend.instructores_cursos values(7	,"80");
insert into db_springboot_backend.instructores_cursos values(7	,"81");

insert into db_springboot_backend.instructores_cursos values(8	,"1");
insert into db_springboot_backend.instructores_cursos values(8	,"2");
insert into db_springboot_backend.instructores_cursos values(8	,"3");
insert into db_springboot_backend.instructores_cursos values(8	,"4");
insert into db_springboot_backend.instructores_cursos values(8	,"5");
insert into db_springboot_backend.instructores_cursos values(8	,"6");
insert into db_springboot_backend.instructores_cursos values(8	,"7");
insert into db_springboot_backend.instructores_cursos values(8	,"8");
insert into db_springboot_backend.instructores_cursos values(8	,"9");
insert into db_springboot_backend.instructores_cursos values(8	,"11");
insert into db_springboot_backend.instructores_cursos values(8	,"12");
insert into db_springboot_backend.instructores_cursos values(8	,"13");
insert into db_springboot_backend.instructores_cursos values(8	,"15");
insert into db_springboot_backend.instructores_cursos values(8	,"17");
insert into db_springboot_backend.instructores_cursos values(8	,"20");
insert into db_springboot_backend.instructores_cursos values(8	,"22");
insert into db_springboot_backend.instructores_cursos values(8	,"31");
insert into db_springboot_backend.instructores_cursos values(8	,"35");

insert into db_springboot_backend.instructores_cursos values(9	,"17");
insert into db_springboot_backend.instructores_cursos values(9	,"18");
insert into db_springboot_backend.instructores_cursos values(9	,"19");
insert into db_springboot_backend.instructores_cursos values(9	,"20");
insert into db_springboot_backend.instructores_cursos values(9	,"21");
insert into db_springboot_backend.instructores_cursos values(9	,"22");
insert into db_springboot_backend.instructores_cursos values(9	,"23");
insert into db_springboot_backend.instructores_cursos values(9	,"24");
insert into db_springboot_backend.instructores_cursos values(9	,"29");
insert into db_springboot_backend.instructores_cursos values(9	,"30");
insert into db_springboot_backend.instructores_cursos values(9	,"31");
insert into db_springboot_backend.instructores_cursos values(9	,"32");
insert into db_springboot_backend.instructores_cursos values(9	,"33");
insert into db_springboot_backend.instructores_cursos values(9	,"34");
insert into db_springboot_backend.instructores_cursos values(9	,"38");
insert into db_springboot_backend.instructores_cursos values(9	,"39");
insert into db_springboot_backend.instructores_cursos values(9	,"40");
insert into db_springboot_backend.instructores_cursos values(9	,"41");
insert into db_springboot_backend.instructores_cursos values(9	,"42");
insert into db_springboot_backend.instructores_cursos values(9	,"43");
insert into db_springboot_backend.instructores_cursos values(9	,"46");
insert into db_springboot_backend.instructores_cursos values(9	,"48");
insert into db_springboot_backend.instructores_cursos values(9	,"54");

insert into db_springboot_backend.instructores_cursos values(10	,"1");
insert into db_springboot_backend.instructores_cursos values(10	,"2");
insert into db_springboot_backend.instructores_cursos values(10	,"3");
insert into db_springboot_backend.instructores_cursos values(10	,"4");
insert into db_springboot_backend.instructores_cursos values(10	,"5");
insert into db_springboot_backend.instructores_cursos values(10	,"6");
insert into db_springboot_backend.instructores_cursos values(10	,"7");
insert into db_springboot_backend.instructores_cursos values(10	,"8");
insert into db_springboot_backend.instructores_cursos values(10	,"11");
insert into db_springboot_backend.instructores_cursos values(10	,"12");
insert into db_springboot_backend.instructores_cursos values(10	,"13");
insert into db_springboot_backend.instructores_cursos values(10	,"14");
insert into db_springboot_backend.instructores_cursos values(10	,"15");
insert into db_springboot_backend.instructores_cursos values(10	,"16");
insert into db_springboot_backend.instructores_cursos values(10	,"17");
insert into db_springboot_backend.instructores_cursos values(10	,"18");
insert into db_springboot_backend.instructores_cursos values(10	,"19");
insert into db_springboot_backend.instructores_cursos values(10	,"20");
insert into db_springboot_backend.instructores_cursos values(10	,"21");
insert into db_springboot_backend.instructores_cursos values(10	,"22");
insert into db_springboot_backend.instructores_cursos values(10	,"23");
insert into db_springboot_backend.instructores_cursos values(10	,"24");
insert into db_springboot_backend.instructores_cursos values(10	,"30");
insert into db_springboot_backend.instructores_cursos values(10	,"31");
insert into db_springboot_backend.instructores_cursos values(10	,"33");
insert into db_springboot_backend.instructores_cursos values(10	,"34");
insert into db_springboot_backend.instructores_cursos values(10	,"35");
insert into db_springboot_backend.instructores_cursos values(10	,"37");
insert into db_springboot_backend.instructores_cursos values(10	,"40");
insert into db_springboot_backend.instructores_cursos values(10	,"41");
insert into db_springboot_backend.instructores_cursos values(10	,"42");
insert into db_springboot_backend.instructores_cursos values(10	,"44");
insert into db_springboot_backend.instructores_cursos values(10	,"47");
insert into db_springboot_backend.instructores_cursos values(10	,"48");
insert into db_springboot_backend.instructores_cursos values(10	,"54");
insert into db_springboot_backend.instructores_cursos values(10	,"68");
insert into db_springboot_backend.instructores_cursos values(10	,"69");
insert into db_springboot_backend.instructores_cursos values(10	,"70");
insert into db_springboot_backend.instructores_cursos values(10	,"71");
insert into db_springboot_backend.instructores_cursos values(10	,"72");
insert into db_springboot_backend.instructores_cursos values(10	,"73");
insert into db_springboot_backend.instructores_cursos values(10	,"74");

insert into db_springboot_backend.instructores_cursos values(11	,"15");
insert into db_springboot_backend.instructores_cursos values(11	,"16");
insert into db_springboot_backend.instructores_cursos values(11	,"17");
insert into db_springboot_backend.instructores_cursos values(11	,"18");
insert into db_springboot_backend.instructores_cursos values(11	,"19");
insert into db_springboot_backend.instructores_cursos values(11	,"20");
insert into db_springboot_backend.instructores_cursos values(11	,"21");
insert into db_springboot_backend.instructores_cursos values(11	,"22");
insert into db_springboot_backend.instructores_cursos values(11	,"23");
insert into db_springboot_backend.instructores_cursos values(11	,"24");
insert into db_springboot_backend.instructores_cursos values(11	,"25");
insert into db_springboot_backend.instructores_cursos values(11	,"26");
insert into db_springboot_backend.instructores_cursos values(11	,"27");
insert into db_springboot_backend.instructores_cursos values(11	,"28");
insert into db_springboot_backend.instructores_cursos values(11	,"29");
insert into db_springboot_backend.instructores_cursos values(11	,"30");
insert into db_springboot_backend.instructores_cursos values(11	,"34");
insert into db_springboot_backend.instructores_cursos values(11	,"35");
insert into db_springboot_backend.instructores_cursos values(11	,"37");
insert into db_springboot_backend.instructores_cursos values(11	,"38");
insert into db_springboot_backend.instructores_cursos values(11	,"39");
insert into db_springboot_backend.instructores_cursos values(11	,"40");
insert into db_springboot_backend.instructores_cursos values(11	,"41");
insert into db_springboot_backend.instructores_cursos values(11	,"42");
insert into db_springboot_backend.instructores_cursos values(11	,"43");
insert into db_springboot_backend.instructores_cursos values(11	,"44");
insert into db_springboot_backend.instructores_cursos values(11	,"46");
insert into db_springboot_backend.instructores_cursos values(11	,"47");
insert into db_springboot_backend.instructores_cursos values(11	,"48");
insert into db_springboot_backend.instructores_cursos values(11	,"50");
insert into db_springboot_backend.instructores_cursos values(11	,"51");
insert into db_springboot_backend.instructores_cursos values(11	,"54");
insert into db_springboot_backend.instructores_cursos values(11	,"68");
insert into db_springboot_backend.instructores_cursos values(11	,"69");
insert into db_springboot_backend.instructores_cursos values(11	,"70");
insert into db_springboot_backend.instructores_cursos values(11	,"71");
insert into db_springboot_backend.instructores_cursos values(11	,"72");
insert into db_springboot_backend.instructores_cursos values(11	,"73");
insert into db_springboot_backend.instructores_cursos values(11	,"74");

insert into db_springboot_backend.instructores_cursos values(12	,"1");
insert into db_springboot_backend.instructores_cursos values(12	,"2");
insert into db_springboot_backend.instructores_cursos values(12	,"3");
insert into db_springboot_backend.instructores_cursos values(12	,"4");
insert into db_springboot_backend.instructores_cursos values(12	,"5");
insert into db_springboot_backend.instructores_cursos values(12	,"6");
insert into db_springboot_backend.instructores_cursos values(12	,"7");
insert into db_springboot_backend.instructores_cursos values(12	,"8");
insert into db_springboot_backend.instructores_cursos values(12	,"11");
insert into db_springboot_backend.instructores_cursos values(12	,"12");
insert into db_springboot_backend.instructores_cursos values(12	,"13");
insert into db_springboot_backend.instructores_cursos values(12	,"14");
insert into db_springboot_backend.instructores_cursos values(12	,"15");
insert into db_springboot_backend.instructores_cursos values(12	,"16");
insert into db_springboot_backend.instructores_cursos values(12	,"17");
insert into db_springboot_backend.instructores_cursos values(12	,"18");
insert into db_springboot_backend.instructores_cursos values(12	,"19");
insert into db_springboot_backend.instructores_cursos values(12	,"20");
insert into db_springboot_backend.instructores_cursos values(12	,"21");
insert into db_springboot_backend.instructores_cursos values(12	,"22");
insert into db_springboot_backend.instructores_cursos values(12	,"23");
insert into db_springboot_backend.instructores_cursos values(12	,"24");
insert into db_springboot_backend.instructores_cursos values(12	,"25");
insert into db_springboot_backend.instructores_cursos values(12	,"26");
insert into db_springboot_backend.instructores_cursos values(12	,"27");
insert into db_springboot_backend.instructores_cursos values(12	,"29");
insert into db_springboot_backend.instructores_cursos values(12	,"30");
insert into db_springboot_backend.instructores_cursos values(12	,"31");
insert into db_springboot_backend.instructores_cursos values(12	,"32");
insert into db_springboot_backend.instructores_cursos values(12	,"33");
insert into db_springboot_backend.instructores_cursos values(12	,"34");
insert into db_springboot_backend.instructores_cursos values(12	,"35");
insert into db_springboot_backend.instructores_cursos values(12	,"39");
insert into db_springboot_backend.instructores_cursos values(12	,"44");
insert into db_springboot_backend.instructores_cursos values(12	,"45");
insert into db_springboot_backend.instructores_cursos values(12	,"47");
insert into db_springboot_backend.instructores_cursos values(12	,"48");
insert into db_springboot_backend.instructores_cursos values(12	,"51");
insert into db_springboot_backend.instructores_cursos values(12	,"54");
insert into db_springboot_backend.instructores_cursos values(12	,"68");
insert into db_springboot_backend.instructores_cursos values(12	,"69");
insert into db_springboot_backend.instructores_cursos values(12	,"70");
insert into db_springboot_backend.instructores_cursos values(12	,"71");
insert into db_springboot_backend.instructores_cursos values(12	,"72");
insert into db_springboot_backend.instructores_cursos values(12	,"73");
insert into db_springboot_backend.instructores_cursos values(12	,"74");

insert into db_springboot_backend.instructores_cursos values(13	,"1");
insert into db_springboot_backend.instructores_cursos values(13	,"2");
insert into db_springboot_backend.instructores_cursos values(13	,"3");
insert into db_springboot_backend.instructores_cursos values(13	,"4");
insert into db_springboot_backend.instructores_cursos values(13	,"5");
insert into db_springboot_backend.instructores_cursos values(13	,"7");
insert into db_springboot_backend.instructores_cursos values(13	,"8");
insert into db_springboot_backend.instructores_cursos values(13	,"11");
insert into db_springboot_backend.instructores_cursos values(13	,"12");
insert into db_springboot_backend.instructores_cursos values(13	,"13");
insert into db_springboot_backend.instructores_cursos values(13	,"17");
insert into db_springboot_backend.instructores_cursos values(13	,"20");
insert into db_springboot_backend.instructores_cursos values(13	,"31");
insert into db_springboot_backend.instructores_cursos values(13	,"35");

insert into db_springboot_backend.instructores_cursos values(14	,"1");
insert into db_springboot_backend.instructores_cursos values(14	,"2");
insert into db_springboot_backend.instructores_cursos values(14	,"3");
insert into db_springboot_backend.instructores_cursos values(14	,"4");
insert into db_springboot_backend.instructores_cursos values(14	,"5");
insert into db_springboot_backend.instructores_cursos values(14	,"6");
insert into db_springboot_backend.instructores_cursos values(14	,"7");
insert into db_springboot_backend.instructores_cursos values(14	,"8");
insert into db_springboot_backend.instructores_cursos values(14	,"11");
insert into db_springboot_backend.instructores_cursos values(14	,"12");
insert into db_springboot_backend.instructores_cursos values(14	,"13");
insert into db_springboot_backend.instructores_cursos values(14	,"14");
insert into db_springboot_backend.instructores_cursos values(14	,"15");
insert into db_springboot_backend.instructores_cursos values(14	,"16");
insert into db_springboot_backend.instructores_cursos values(14	,"17");
insert into db_springboot_backend.instructores_cursos values(14	,"18");
insert into db_springboot_backend.instructores_cursos values(14	,"19");
insert into db_springboot_backend.instructores_cursos values(14	,"20");
insert into db_springboot_backend.instructores_cursos values(14	,"21");
insert into db_springboot_backend.instructores_cursos values(14	,"22");
insert into db_springboot_backend.instructores_cursos values(14	,"23");
insert into db_springboot_backend.instructores_cursos values(14	,"24");
insert into db_springboot_backend.instructores_cursos values(14	,"25");
insert into db_springboot_backend.instructores_cursos values(14	,"26");
insert into db_springboot_backend.instructores_cursos values(14	,"27");
insert into db_springboot_backend.instructores_cursos values(14	,"28");
insert into db_springboot_backend.instructores_cursos values(14	,"29");
insert into db_springboot_backend.instructores_cursos values(14	,"30");
insert into db_springboot_backend.instructores_cursos values(14	,"31");
insert into db_springboot_backend.instructores_cursos values(14	,"32");
insert into db_springboot_backend.instructores_cursos values(14	,"33");
insert into db_springboot_backend.instructores_cursos values(14	,"34");
insert into db_springboot_backend.instructores_cursos values(14	,"35");
insert into db_springboot_backend.instructores_cursos values(14	,"38");
insert into db_springboot_backend.instructores_cursos values(14	,"39");
insert into db_springboot_backend.instructores_cursos values(14	,"40");
insert into db_springboot_backend.instructores_cursos values(14	,"41");
insert into db_springboot_backend.instructores_cursos values(14	,"42");
insert into db_springboot_backend.instructores_cursos values(14	,"45");
insert into db_springboot_backend.instructores_cursos values(14	,"46");
insert into db_springboot_backend.instructores_cursos values(14	,"47");
insert into db_springboot_backend.instructores_cursos values(14	,"48");
insert into db_springboot_backend.instructores_cursos values(14	,"50");
insert into db_springboot_backend.instructores_cursos values(14	,"51");
insert into db_springboot_backend.instructores_cursos values(14	,"54");
insert into db_springboot_backend.instructores_cursos values(14	,"68");
insert into db_springboot_backend.instructores_cursos values(14	,"69");
insert into db_springboot_backend.instructores_cursos values(14	,"70");
insert into db_springboot_backend.instructores_cursos values(14	,"71");
insert into db_springboot_backend.instructores_cursos values(14	,"72");
insert into db_springboot_backend.instructores_cursos values(14	,"73");
insert into db_springboot_backend.instructores_cursos values(14	,"74");

insert into db_springboot_backend.instructores_cursos values(15	,"1");
insert into db_springboot_backend.instructores_cursos values(15	,"2");
insert into db_springboot_backend.instructores_cursos values(15	,"3");
insert into db_springboot_backend.instructores_cursos values(15	,"4");
insert into db_springboot_backend.instructores_cursos values(15	,"5");
insert into db_springboot_backend.instructores_cursos values(15	,"6");
insert into db_springboot_backend.instructores_cursos values(15	,"7");
insert into db_springboot_backend.instructores_cursos values(15	,"8");
insert into db_springboot_backend.instructores_cursos values(15	,"11");
insert into db_springboot_backend.instructores_cursos values(15	,"12");
insert into db_springboot_backend.instructores_cursos values(15	,"13");
insert into db_springboot_backend.instructores_cursos values(15	,"14");
insert into db_springboot_backend.instructores_cursos values(15	,"15");
insert into db_springboot_backend.instructores_cursos values(15	,"16");
insert into db_springboot_backend.instructores_cursos values(15	,"17");
insert into db_springboot_backend.instructores_cursos values(15	,"18");
insert into db_springboot_backend.instructores_cursos values(15	,"19");
insert into db_springboot_backend.instructores_cursos values(15	,"20");
insert into db_springboot_backend.instructores_cursos values(15	,"21");
insert into db_springboot_backend.instructores_cursos values(15	,"22");
insert into db_springboot_backend.instructores_cursos values(15	,"23");
insert into db_springboot_backend.instructores_cursos values(15	,"24");
insert into db_springboot_backend.instructores_cursos values(15	,"28");
insert into db_springboot_backend.instructores_cursos values(15	,"29");
insert into db_springboot_backend.instructores_cursos values(15	,"30");
insert into db_springboot_backend.instructores_cursos values(15	,"31");
insert into db_springboot_backend.instructores_cursos values(15	,"32");
insert into db_springboot_backend.instructores_cursos values(15	,"33");
insert into db_springboot_backend.instructores_cursos values(15	,"34");
insert into db_springboot_backend.instructores_cursos values(15	,"35");
insert into db_springboot_backend.instructores_cursos values(15	,"37");
insert into db_springboot_backend.instructores_cursos values(15	,"40");
insert into db_springboot_backend.instructores_cursos values(15	,"41");
insert into db_springboot_backend.instructores_cursos values(15	,"42");
insert into db_springboot_backend.instructores_cursos values(15	,"43");
insert into db_springboot_backend.instructores_cursos values(15	,"44");
insert into db_springboot_backend.instructores_cursos values(15	,"46");
insert into db_springboot_backend.instructores_cursos values(15	,"47");
insert into db_springboot_backend.instructores_cursos values(15	,"48");
insert into db_springboot_backend.instructores_cursos values(15	,"54");
insert into db_springboot_backend.instructores_cursos values(15	,"68");
insert into db_springboot_backend.instructores_cursos values(15	,"69");
insert into db_springboot_backend.instructores_cursos values(15	,"70");
insert into db_springboot_backend.instructores_cursos values(15	,"71");
insert into db_springboot_backend.instructores_cursos values(15	,"72");
insert into db_springboot_backend.instructores_cursos values(15	,"73");
insert into db_springboot_backend.instructores_cursos values(15	,"74");
insert into db_springboot_backend.instructores_cursos values(15	,"78");
insert into db_springboot_backend.instructores_cursos values(15	,"80");


